Nombre del activo,ISIN,Participaciones,Desembolso,Reembolso,Coste vendido,NAV actual,Valor de mercado (EUR),+/- desde compra (EUR),+/- desde compra (%)
💼 TOTAL,,,53072.8298,24637.2799,16215.0362,,65049.4391,20398.853,29.44%
Bestinver Internacional Fi (114638036),ES0114638036,213.6854,12652.821,0.0,0.0,64.49,13780.5714,1127.7505,8.91
Azvalor Internacional FI,ES0112611001,23.0,5472.758,15637.0637,10214.7722,237.67,5466.41,5415.9435,34.52
Cartesio Y FI,ES0182527038,2.6695,5999.9682,0.0,0.0,3364.4,8981.2658,2981.2976,49.69
Cobas Selección C FI,ES0124037005,47.9163,5000.0036,0.0,0.0,146.258,7008.1422,2008.1386,40.16
Fundsmith Equity T EUR Acc,LU0690375182,0.0,0.0,9000.2162,6000.264,61.012,0.0,2999.9523,50.0
Seilern World Growth EUR H FI,IE0031724234,17.35,3999.522,0.0,0.0,343.26,5955.561,1956.039,48.91
Renta 4 Bolsa España R FI,ES0173394034,41.8599,1499.9993,0.0,0.0,48.88,2046.1119,546.1126,36.41
Seilern World Growth EUR U FI,IE00B2NXKW18,45.16,18447.7577,0.0,0.0,482.98,21811.3768,3363.6191,18.23
