Date,Price,Open,High,Low,Change %
2018-07-09,103.682,103.682,103.682,103.682,0.13%
2018-07-10,104.349,104.349,104.349,104.349,0.64%
2018-07-11,102.714,102.714,102.714,102.714,-1.57%
2018-07-12,102.357,102.357,102.357,102.357,-0.35%
2018-07-13,102.555,102.555,102.555,102.555,0.19%
2018-07-16,101.743,101.743,101.743,101.743,-0.79%
2018-07-17,101.539,101.539,101.539,101.539,-0.20%
2018-07-18,102.042,102.042,102.042,102.042,0.50%
2018-07-19,101.355,101.355,101.355,101.355,-0.67%
2018-07-20,100.826,100.826,100.826,100.826,-0.52%
2018-07-23,100.262,100.262,100.262,100.262,-0.56%
2018-07-24,100.668,100.668,100.668,100.668,0.40%
2018-07-25,101.006,101.006,101.006,101.006,0.34%
2018-07-26,101.968,101.968,101.968,101.968,0.95%
2018-07-27,102.587,102.587,102.587,102.587,0.61%
2018-07-30,102.566,102.566,102.566,102.566,-0.02%
2018-07-31,102.391,102.391,102.391,102.391,-0.17%
2018-08-01,102.315,102.315,102.315,102.315,-0.07%
2018-08-02,101.745,101.745,101.745,101.745,-0.56%
2018-08-03,101.642,101.642,101.642,101.642,-0.10%
2018-08-06,100.631,100.631,100.631,100.631,-0.99%
2018-08-07,100.981,100.981,100.981,100.981,0.35%
2018-08-08,100.664,100.664,100.664,100.664,-0.31%
2018-08-09,100.332,100.332,100.332,100.332,-0.33%
2018-08-10,98.898,98.898,98.898,98.898,-1.43%
2018-08-13,97.383,97.383,97.383,97.383,-1.53%
2018-08-14,98.179,98.179,98.179,98.179,0.82%
2018-08-16,96.874,96.874,96.874,96.874,-1.33%
2018-08-17,96.91,96.91,96.91,96.91,0.04%
2018-08-20,97.688,97.688,97.688,97.688,0.80%
2018-08-21,98.717,98.717,98.717,98.717,1.05%
2018-08-22,99.216,99.216,99.216,99.216,0.51%
2018-08-23,99.082,99.082,99.082,99.082,-0.14%
2018-08-24,99.167,99.167,99.167,99.167,0.09%
2018-08-27,99.557,99.557,99.557,99.557,0.39%
2018-08-28,99.705,99.705,99.705,99.705,0.15%
2018-08-29,100.017,100.017,100.017,100.017,0.31%
2018-08-30,99.513,99.513,99.513,99.513,-0.50%
2018-08-31,98.965,98.965,98.965,98.965,-0.55%
2018-09-03,98.637,98.637,98.637,98.637,-0.33%
2018-09-04,97.786,97.786,97.786,97.786,-0.86%
2018-09-05,97.356,97.356,97.356,97.356,-0.44%
2018-09-06,96.381,96.381,96.381,96.381,-1.00%
2018-09-07,96.616,96.616,96.616,96.616,0.24%
2018-09-10,96.402,96.402,96.402,96.402,-0.22%
2018-09-11,97.177,97.177,97.177,97.177,0.80%
2018-09-12,97.395,97.395,97.395,97.395,0.22%
2018-09-13,97.772,97.772,97.772,97.772,0.39%
2018-09-14,98.14,98.14,98.14,98.14,0.38%
2018-09-17,98.343,98.343,98.343,98.343,0.21%
2018-09-18,99.022,99.022,99.022,99.022,0.69%
2018-09-19,99.564,99.564,99.564,99.564,0.55%
2018-09-20,99.707,99.707,99.707,99.707,0.14%
2018-09-21,99.958,99.958,99.958,99.958,0.25%
2018-09-24,99.817,99.817,99.817,99.817,-0.14%
2018-09-25,99.693,99.693,99.693,99.693,-0.12%
2018-09-26,98.853,98.853,98.853,98.853,-0.84%
2018-09-27,99.505,99.505,99.505,99.505,0.66%
2018-09-28,99.797,99.797,99.797,99.797,0.29%
2018-10-01,101.66,101.66,101.66,101.66,1.87%
2018-10-02,100.93,100.93,100.93,100.93,-0.72%
2018-10-03,101.81,101.81,101.81,101.81,0.87%
2018-10-04,100.705,100.705,100.705,100.705,-1.09%
2018-10-05,99.626,99.626,99.626,99.626,-1.07%
2018-10-08,99.044,99.044,99.044,99.044,-0.58%
2018-10-09,99.34,99.34,99.34,99.34,0.30%
2018-10-10,97.772,97.772,97.772,97.772,-1.58%
2018-10-11,95.016,95.016,95.016,95.016,-2.82%
2018-10-15,95.25,95.25,95.25,95.25,0.25%
2018-10-16,96.541,96.541,96.541,96.541,1.36%
2018-10-17,96.387,96.387,96.387,96.387,-0.16%
2018-10-18,95.767,95.767,95.767,95.767,-0.64%
2018-10-19,95.194,95.194,95.194,95.194,-0.60%
2018-10-22,94.748,94.748,94.748,94.748,-0.47%
2018-10-23,92.49,92.49,92.49,92.49,-2.38%
2018-10-24,90.751,90.751,90.751,90.751,-1.88%
2018-10-25,91.122,91.122,91.122,91.122,0.41%
2018-10-26,91.144,91.144,91.144,91.144,0.02%
2018-10-29,91.78,91.78,91.78,91.78,0.70%
2018-10-30,92.327,92.327,92.327,92.327,0.60%
2018-10-31,93.53,93.53,93.53,93.53,1.30%
2018-11-02,94.992,94.992,94.992,94.992,1.56%
2018-11-05,94.47,94.47,94.47,94.47,-0.55%
2018-11-06,94.822,94.822,94.822,94.822,0.37%
2018-11-07,93.87,93.87,93.87,93.87,-1.00%
2018-11-08,92.921,92.921,92.921,92.921,-1.01%
2018-11-12,90.242,90.242,90.242,90.242,-2.88%
2018-11-13,89.687,89.687,89.687,89.687,-0.62%
2018-11-14,89.728,89.728,89.728,89.728,0.05%
2018-11-15,89.041,89.041,89.041,89.041,-0.77%
2018-11-16,88.096,88.096,88.096,88.096,-1.06%
2018-11-19,86.709,86.709,86.709,86.709,-1.57%
2018-11-20,85.007,85.007,85.007,85.007,-1.96%
2018-11-21,85.695,85.695,85.695,85.695,0.81%
2018-11-22,84.909,84.909,84.909,84.909,-0.92%
2018-11-23,84.368,84.368,84.368,84.368,-0.64%
2018-11-26,86.077,86.077,86.077,86.077,2.03%
2018-11-27,87.286,87.286,87.286,87.286,1.40%
2018-11-28,87.827,87.827,87.827,87.827,0.62%
2018-11-29,88.226,88.226,88.226,88.226,0.45%
2018-11-30,87.553,87.553,87.553,87.553,-0.76%
2018-12-03,88.195,88.195,88.195,88.195,0.73%
2018-12-04,86.539,86.539,86.539,86.539,-1.88%
2018-12-05,86.029,86.029,86.029,86.029,-0.59%
2018-12-06,83.204,83.204,83.204,83.204,-3.28%
2018-12-07,83.515,83.515,83.515,83.515,0.37%
2018-12-10,81.79,81.79,81.79,81.79,-2.07%
2018-12-11,82.142,82.142,82.142,82.142,0.43%
2018-12-12,82.961,82.961,82.961,82.961,1.00%
2018-12-13,82.866,82.866,82.866,82.866,-0.11%
2018-12-14,81.53,81.53,81.53,81.53,-1.61%
2018-12-17,79.741,79.741,79.741,79.741,-2.19%
2018-12-18,78.466,78.466,78.466,78.466,-1.60%
2018-12-19,78.847,78.847,78.847,78.847,0.49%
2018-12-20,77.148,77.148,77.148,77.148,-2.15%
2018-12-21,77.667,77.667,77.667,77.667,0.67%
2018-12-24,77.032,77.032,77.032,77.032,-0.82%
2018-12-27,76.245,76.245,76.245,76.245,-1.02%
2018-12-28,77.111,77.111,77.111,77.111,1.14%
2018-12-31,77.461,77.461,77.461,77.461,0.45%
2019-01-02,77.934,77.934,77.934,77.934,0.61%
2019-01-03,78.718,78.718,78.718,78.718,1.01%
2019-01-04,80.656,80.656,80.656,80.656,2.46%
2019-01-07,82.085,82.085,82.085,82.085,1.77%
2019-01-08,82.292,82.292,82.292,82.292,0.25%
2019-01-09,82.842,82.842,82.842,82.842,0.67%
2019-01-10,82.947,82.947,82.947,82.947,0.13%
2019-01-11,82.662,82.662,82.662,82.662,-0.34%
2019-01-14,81.853,81.853,81.853,81.853,-0.98%
2019-01-15,82.308,82.308,82.308,82.308,0.55%
2019-01-16,82.856,82.856,82.856,82.856,0.67%
2019-01-17,83.024,83.024,83.024,83.024,0.20%
2019-01-18,83.894,83.894,83.894,83.894,1.05%
2019-01-21,84.07,84.07,84.07,84.07,0.21%
2019-01-22,83.188,83.188,83.188,83.188,-1.05%
2019-01-23,82.996,82.996,82.996,82.996,-0.23%
2019-01-24,83.47,83.47,83.47,83.47,0.57%
2019-01-25,84.622,84.622,84.622,84.622,1.38%
2019-01-28,83.308,83.308,83.308,83.308,-1.55%
2019-01-29,83.171,83.171,83.171,83.171,-0.16%
2019-01-30,83.662,83.662,83.662,83.662,0.59%
2019-01-31,83.585,83.585,83.585,83.585,-0.09%
2019-02-01,83.559,83.559,83.559,83.559,-0.03%
2019-02-05,83.19,83.19,83.19,83.19,-0.44%
2019-02-06,83.241,83.241,83.241,83.241,0.06%
2019-02-07,80.847,80.847,80.847,80.847,-2.88%
2019-02-08,80.053,80.053,80.053,80.053,-0.98%
2019-02-11,80.709,80.709,80.709,80.709,0.82%
2019-02-12,81.886,81.886,81.886,81.886,1.46%
2019-02-13,82.128,82.128,82.128,82.128,0.30%
2019-02-14,82.416,82.416,82.416,82.416,0.35%
2019-02-15,82.994,82.994,82.994,82.994,0.70%
2019-02-18,83.61,83.61,83.61,83.61,0.74%
2019-02-19,83.405,83.405,83.405,83.405,-0.25%
2019-02-20,84.158,84.158,84.158,84.158,0.90%
2019-02-21,84.505,84.505,84.505,84.505,0.41%
2019-02-22,84.538,84.538,84.538,84.538,0.04%
2019-02-25,84.631,84.631,84.631,84.631,0.11%
2019-02-26,84.813,84.813,84.813,84.813,0.21%
2019-02-27,84.541,84.541,84.541,84.541,-0.32%
2019-02-28,84.547,84.547,84.547,84.547,0.01%
2019-03-01,85.208,85.208,85.208,85.208,0.78%
2019-03-04,85.849,85.849,85.849,85.849,0.75%
2019-03-05,86.062,86.062,86.062,86.062,0.25%
2019-03-06,85.181,85.181,85.181,85.181,-1.02%
2019-03-07,84.296,84.296,84.296,84.296,-1.04%
2019-03-08,82.971,82.971,82.971,82.971,-1.57%
2019-03-11,83.565,83.565,83.565,83.565,0.72%
2019-03-12,84.995,84.995,84.995,84.995,1.71%
2019-03-13,86.047,86.047,86.047,86.047,1.24%
2019-03-14,86.226,86.226,86.226,86.226,0.21%
2019-03-15,87.034,87.034,87.034,87.034,0.94%
2019-03-18,87.748,87.748,87.748,87.748,0.82%
2019-03-19,87.814,87.814,87.814,87.814,0.08%
2019-03-20,87.498,87.498,87.498,87.498,-0.36%
2019-03-21,87.325,87.325,87.325,87.325,-0.20%
2019-03-22,85.864,85.864,85.864,85.864,-1.67%
2019-03-25,85.202,85.202,85.202,85.202,-0.77%
2019-03-26,85.568,85.568,85.568,85.568,0.43%
2019-03-27,86.056,86.056,86.056,86.056,0.57%
2019-03-28,85.067,85.067,85.067,85.067,-1.15%
2019-03-29,85.563,85.563,85.563,85.563,0.58%
2019-04-01,86.69,86.69,86.69,86.69,1.32%
2019-04-02,86.906,86.906,86.906,86.906,0.25%
2019-04-03,87.328,87.328,87.328,87.328,0.49%
2019-04-04,87.271,87.271,87.271,87.271,-0.07%
2019-04-05,87.645,87.645,87.645,87.645,0.43%
2019-04-08,87.783,87.783,87.783,87.783,0.16%
2019-04-09,86.988,86.988,86.988,86.988,-0.91%
2019-04-10,87.268,87.268,87.268,87.268,0.32%
2019-04-11,88.112,88.112,88.112,88.112,0.97%
2019-04-12,88.484,88.484,88.484,88.484,0.42%
2019-04-15,89.037,89.037,89.037,89.037,0.62%
2019-04-16,88.981,88.981,88.981,88.981,-0.06%
2019-04-17,89.649,89.649,89.649,89.649,0.75%
2019-04-18,89.054,89.054,89.054,89.054,-0.66%
2019-04-22,89.483,89.483,89.483,89.483,0.48%
2019-04-23,89.733,89.733,89.733,89.733,0.28%
2019-04-24,89.063,89.063,89.063,89.063,-0.75%
2019-04-25,89.1,89.1,89.1,89.1,0.04%
2019-04-26,88.52,88.52,88.52,88.52,-0.65%
2019-04-29,88.906,88.906,88.906,88.906,0.44%
2019-04-30,88.762,88.762,88.762,88.762,-0.16%
2019-05-03,89.381,89.381,89.381,89.381,0.70%
2019-05-06,88.226,88.226,88.226,88.226,-1.29%
2019-05-07,86.406,86.406,86.406,86.406,-2.06%
2019-05-08,86.358,86.358,86.358,86.358,-0.06%
2019-05-09,84.975,84.975,84.975,84.975,-1.60%
2019-05-10,85.373,85.373,85.373,85.373,0.47%
2019-05-13,83.456,83.456,83.456,83.456,-2.25%
2019-05-14,84.241,84.241,84.241,84.241,0.94%
2019-05-15,84.38,84.38,84.38,84.38,0.16%
2019-05-16,84.995,84.995,84.995,84.995,0.73%
2019-05-17,84.261,84.261,84.261,84.261,-0.86%
2019-05-20,83.647,83.647,83.647,83.647,-0.73%
2019-05-21,83.98,83.98,83.98,83.98,0.40%
2019-05-22,82.919,82.919,82.919,82.919,-1.26%
2019-05-23,80.407,80.407,80.407,80.407,-3.03%
2019-05-24,80.955,80.955,80.955,80.955,0.68%
2019-05-27,81.304,81.304,81.304,81.304,0.43%
2019-05-28,81.139,81.139,81.139,81.139,-0.20%
2019-05-29,80.252,80.252,80.252,80.252,-1.09%
2019-05-30,80.1,80.1,80.1,80.1,-0.19%
2019-05-31,79.092,79.092,79.092,79.092,-1.26%
2019-06-03,79.141,79.141,79.141,79.141,0.06%
2019-06-04,79.175,79.175,79.175,79.175,0.04%
2019-06-05,79.274,79.274,79.274,79.274,0.13%
2019-06-06,78.562,78.562,78.562,78.562,-0.90%
2019-06-07,79.138,79.138,79.138,79.138,0.73%
2019-06-10,79.374,79.374,79.374,79.374,0.30%
2019-06-11,79.996,79.996,79.996,79.996,0.78%
2019-06-12,78.538,78.538,78.538,78.538,-1.82%
2019-06-13,79.114,79.114,79.114,79.114,0.73%
2019-06-14,78.221,78.221,78.221,78.221,-1.13%
2019-06-17,78.188,78.188,78.188,78.188,-0.04%
2019-06-18,79.183,79.183,79.183,79.183,1.27%
2019-06-19,79.664,79.664,79.664,79.664,0.61%
2019-06-20,80.056,80.056,80.056,80.056,0.49%
2019-06-21,79.728,79.728,79.728,79.728,-0.41%
2019-06-24,78.772,78.772,78.772,78.772,-1.20%
2019-06-25,78.622,78.622,78.622,78.622,-0.19%
2019-06-26,79.005,79.005,79.005,79.005,0.49%
2019-06-27,79.615,79.615,79.615,79.615,0.77%
2019-06-28,80.205,80.205,80.205,80.205,0.74%
2019-07-01,80.898,80.898,80.898,80.898,0.86%
2019-07-02,80.043,80.043,80.043,80.043,-1.06%
2019-07-03,80.049,80.049,80.049,80.049,0.01%
2019-07-04,80.505,80.505,80.505,80.505,0.57%
2019-07-05,81.005,81.005,81.005,81.005,0.62%
2019-07-08,80.716,80.716,80.716,80.716,-0.36%
2019-07-09,80.104,80.104,80.104,80.104,-0.76%
2019-07-10,80.262,80.262,80.262,80.262,0.20%
2019-07-11,80.648,80.648,80.648,80.648,0.48%
2019-07-12,81.286,81.286,81.286,81.286,0.79%
2019-07-15,80.634,80.634,80.634,80.634,-0.80%
2019-07-16,80.679,80.679,80.679,80.679,0.06%
2019-07-17,79.563,79.563,79.563,79.563,-1.38%
2019-07-18,78.692,78.692,78.692,78.692,-1.10%
2019-07-19,78.535,78.535,78.535,78.535,-0.20%
2019-07-22,78.392,78.392,78.392,78.392,-0.18%
2019-07-23,79.158,79.158,79.158,79.158,0.98%
2019-07-24,79.445,79.445,79.445,79.445,0.36%
2019-07-25,78.867,78.867,78.867,78.867,-0.73%
2019-07-26,78.558,78.558,78.558,78.558,-0.39%
2019-07-29,77.831,77.831,77.831,77.831,-0.93%
2019-07-30,77.628,77.628,77.628,77.628,-0.26%
2019-07-31,77.57,77.57,77.57,77.57,-0.08%
2019-08-01,76.545,76.545,76.545,76.545,-1.32%
2019-08-02,74.809,74.809,74.809,74.809,-2.27%
2019-08-05,72.779,72.779,72.779,72.779,-2.71%
2019-08-06,72.687,72.687,72.687,72.687,-0.13%
2019-08-07,72.097,72.097,72.097,72.097,-0.81%
2019-08-08,73.15,73.15,73.15,73.15,1.46%
2019-08-09,72.058,72.058,72.058,72.058,-1.49%
2019-08-12,71.152,71.152,71.152,71.152,-1.26%
2019-08-13,71.659,71.659,71.659,71.659,0.71%
2019-08-14,70.067,70.067,70.067,70.067,-2.22%
2019-08-15,69.111,69.111,69.111,69.111,-1.36%
2019-08-16,70.231,70.231,70.231,70.231,1.62%
2019-08-19,71.933,71.933,71.933,71.933,2.42%
2019-08-20,71.909,71.909,71.909,71.909,-0.03%
2019-08-21,72.747,72.747,72.747,72.747,1.16%
2019-08-22,72.852,72.852,72.852,72.852,0.15%
2019-08-23,71.999,71.999,71.999,71.999,-1.17%
2019-08-26,71.837,71.837,71.837,71.837,-0.23%
2019-08-27,71.968,71.968,71.968,71.968,0.18%
2019-08-28,72.041,72.041,72.041,72.041,0.10%
2019-08-29,72.155,72.155,72.155,72.155,0.16%
2019-08-30,72.571,72.571,72.571,72.571,0.58%
2019-09-02,72.607,72.607,72.607,72.607,0.05%
2019-09-03,72.293,72.293,72.293,72.293,-0.43%
2019-09-04,73.299,73.299,73.299,73.299,1.39%
2019-09-05,75.063,75.063,75.063,75.063,2.41%
2019-09-06,75.092,75.092,75.092,75.092,0.04%
2019-09-09,76.429,76.429,76.429,76.429,1.78%
2019-09-10,77.945,77.945,77.945,77.945,1.98%
2019-09-11,78.592,78.592,78.592,78.592,0.83%
2019-09-13,79.539,79.539,79.539,79.539,1.21%
2019-09-16,79.996,79.996,79.996,79.996,0.57%
2019-09-17,79.035,79.035,79.035,79.035,-1.20%
2019-09-18,78.774,78.774,78.774,78.774,-0.33%
2019-09-19,78.939,78.939,78.939,78.939,0.21%
2019-09-20,78.79,78.79,78.79,78.79,-0.19%
2019-09-23,78.424,78.424,78.424,78.424,-0.46%
2019-09-24,77.646,77.646,77.646,77.646,-0.99%
2019-09-25,77.448,77.448,77.448,77.448,-0.26%
2019-09-26,76.886,76.886,76.886,76.886,-0.73%
2019-09-27,76.262,76.262,76.262,76.262,-0.81%
2019-09-30,75.653,75.653,75.653,75.653,-0.80%
2019-10-01,75.111,75.111,75.111,75.111,-0.72%
2019-10-02,73.219,73.219,73.219,73.219,-2.52%
2019-10-03,72.996,72.996,72.996,72.996,-0.31%
2019-10-04,73.718,73.718,73.718,73.718,0.99%
2019-10-07,74.839,74.839,74.839,74.839,1.52%
2019-10-08,74.461,74.461,74.461,74.461,-0.51%
2019-10-09,74.691,74.691,74.691,74.691,0.31%
2019-10-10,76.127,76.127,76.127,76.127,1.92%
2019-10-11,78.42,78.42,78.42,78.42,3.01%
2019-10-14,78.874,78.874,78.874,78.874,0.58%
2019-10-15,79.022,79.022,79.022,79.022,0.19%
2019-10-16,79.597,79.597,79.597,79.597,0.73%
2019-10-17,79.475,79.475,79.475,79.475,-0.15%
2019-10-18,78.894,78.894,78.894,78.894,-0.73%
2019-10-21,79.138,79.138,79.138,79.138,0.31%
2019-10-22,80.188,80.188,80.188,80.188,1.33%
2019-10-23,81.416,81.416,81.416,81.416,1.53%
2019-10-24,81.045,81.045,81.045,81.045,-0.46%
2019-10-25,81.155,81.155,81.155,81.155,0.14%
2019-10-28,81.397,81.397,81.397,81.397,0.30%
2019-10-29,81.024,81.024,81.024,81.024,-0.46%
2019-10-30,80.106,80.106,80.106,80.106,-1.13%
2019-10-31,79.179,79.083,79.179,79.083,-1.16%
2019-11-01,80.197,80.197,80.197,80.197,1.29%
2019-11-04,81.537,81.537,81.537,81.537,1.67%
2019-11-05,81.521,81.521,81.521,81.521,-0.02%
2019-11-06,80.626,80.626,80.626,80.626,-1.10%
2019-11-07,80.972,80.972,80.972,80.972,0.43%
2019-11-08,80.999,80.999,80.999,80.999,0.03%
2019-11-11,81.039,81.039,81.039,81.039,0.05%
2019-11-12,81.245,81.245,81.245,81.245,0.25%
2019-11-13,80.496,80.496,80.496,80.496,-0.92%
2019-11-14,81.649,81.649,81.649,81.649,1.43%
2019-11-15,82.531,82.531,82.531,82.531,1.08%
2019-11-18,82.078,82.078,82.078,82.078,-0.55%
2019-11-19,82.057,82.057,82.057,82.057,-0.03%
2019-11-20,81.286,81.286,81.286,81.286,-0.94%
2019-11-21,81.794,81.794,81.794,81.794,0.63%
2019-11-22,82.101,82.101,82.101,82.101,0.38%
2019-11-25,82.979,82.979,82.979,82.979,1.07%
2019-11-26,82.529,82.529,82.529,82.529,-0.54%
2019-11-27,82.803,82.803,82.803,82.803,0.33%
2019-11-28,82.957,82.957,82.957,82.957,0.19%
2019-11-29,82.72,82.72,82.72,82.72,-0.28%
2019-12-02,82.367,82.367,82.367,82.367,-0.43%
2019-12-03,81.014,81.014,81.014,81.014,-1.64%
2019-12-04,81.857,81.857,81.857,81.857,1.04%
2019-12-05,82.14,82.14,82.14,82.14,0.35%
2019-12-10,82.898,82.898,82.898,82.898,0.92%
2019-12-11,83.258,83.258,83.258,83.258,0.43%
2019-12-12,83.948,83.948,83.948,83.948,0.83%
2019-12-13,84.752,84.752,84.752,84.752,0.96%
2019-12-16,85.108,85.108,85.108,85.108,0.42%
2019-12-17,84.661,84.661,84.661,84.661,-0.53%
2019-12-18,85.442,85.442,85.442,85.442,0.92%
2019-12-19,86.007,86.007,86.007,86.007,0.66%
2019-12-20,85.569,85.569,85.569,85.569,-0.51%
2019-12-23,86.528,86.528,86.528,86.528,1.12%
2019-12-24,86.563,86.563,86.563,86.563,0.04%
2019-12-26,86.784,86.784,86.784,86.784,0.25%
2019-12-27,86.474,86.474,86.474,86.474,-0.36%
2019-12-30,86.273,86.273,86.273,86.273,-0.23%
2019-12-31,86.976,86.976,86.976,86.976,0.81%
2020-01-02,87.56,87.56,87.56,87.56,0.67%
2020-01-03,87.248,87.248,87.248,87.248,-0.36%
2020-01-06,86.843,86.843,86.843,86.843,-0.46%
2020-01-07,87.25,87.25,87.25,87.25,0.47%
2020-01-08,86.413,86.413,86.413,86.413,-0.96%
2020-01-09,86.659,86.659,86.659,86.659,0.28%
2020-01-10,86.02,86.02,86.02,86.02,-0.74%
2020-01-13,86.161,86.161,86.161,86.161,0.16%
2020-01-14,86.292,86.292,86.292,86.292,0.15%
2020-01-15,85.751,85.751,85.751,85.751,-0.63%
2020-01-16,85.572,85.572,85.572,85.572,-0.21%
2020-01-17,85.396,85.396,85.396,85.396,-0.21%
2020-01-20,85.214,85.214,85.214,85.214,-0.21%
2020-01-21,84.459,84.459,84.459,84.459,-0.89%
2020-01-22,83.577,83.577,83.577,83.577,-1.04%
2020-01-23,82.462,82.462,82.462,82.462,-1.33%
2020-01-24,81.688,81.688,81.688,81.688,-0.94%
2020-01-27,79.681,79.681,79.681,79.681,-2.46%
2020-01-28,79.739,79.739,79.739,79.739,0.07%
2020-01-29,79.871,79.871,79.871,79.871,0.17%
2020-01-30,78.595,78.595,78.595,78.595,-1.60%
2020-01-31,76.875,76.875,76.875,76.875,-2.19%
2020-02-04,78.337,78.337,78.337,78.337,1.90%
2020-02-05,78.84,78.84,78.84,78.84,0.64%
2020-02-06,78.336,78.336,78.336,78.336,-0.64%
2020-02-07,76.727,76.727,76.727,76.727,-2.05%
2020-02-10,76.23,76.23,76.23,76.23,-0.65%
2020-02-11,77.659,77.659,77.659,77.659,1.87%
2020-02-12,79.085,79.085,79.085,79.085,1.84%
2020-02-13,79.096,79.096,79.096,79.096,0.01%
2020-02-14,78.797,78.797,78.797,78.797,-0.38%
2020-02-17,78.344,78.344,78.344,78.344,-0.57%
2020-02-18,77.548,77.548,77.548,77.548,-1.02%
2020-02-19,77.842,77.842,77.842,77.842,0.38%
2020-02-20,78.015,78.015,78.015,78.015,0.22%
2020-02-21,76.497,76.497,76.497,76.497,-1.95%
2020-02-24,72.38,72.38,72.38,72.38,-5.38%
2020-02-25,71.746,71.746,71.746,71.746,-0.88%
2020-02-26,71.456,71.456,71.456,71.456,-0.40%
2020-02-27,69.937,69.937,69.937,69.937,-2.13%
2020-02-28,70.079,70.079,70.079,70.079,0.20%
2020-03-02,69.728,69.728,69.728,69.728,-0.50%
2020-03-03,68.382,68.382,68.382,68.382,-1.93%
2020-03-04,68.214,68.214,68.214,68.214,-0.24%
2020-03-05,65.608,65.608,65.608,65.608,-3.82%
2020-03-06,62.773,62.773,62.773,62.773,-4.32%
2020-03-09,55.632,55.632,55.632,55.632,-11.38%
2020-03-10,58.504,58.504,58.504,58.504,5.16%
2020-03-11,55.65,55.65,55.65,55.65,-4.88%
2020-03-12,49.274,49.274,49.274,49.274,-11.46%
2020-03-13,49.958,49.958,49.958,49.958,1.39%
2020-03-16,45.901,45.901,45.901,45.901,-8.12%
2020-03-17,47.087,47.087,47.087,47.087,2.59%
2020-03-18,44.41,44.41,44.41,44.41,-5.69%
2020-03-19,44.956,44.956,44.956,44.956,1.23%
2020-03-20,44.867,44.867,44.867,44.867,-0.20%
2020-03-23,43.966,43.966,43.966,43.966,-2.01%
2020-03-24,47.841,47.841,47.841,47.841,8.81%
2020-03-25,48.091,48.091,48.091,48.091,0.52%
2020-03-26,49.835,49.835,49.835,49.835,3.63%
2020-03-27,49.002,49.002,49.002,49.002,-1.67%
2020-03-30,48.488,48.488,48.488,48.488,-1.05%
2020-03-31,49.613,49.613,49.613,49.613,2.32%
2020-04-01,48.001,48.001,48.001,48.001,-3.25%
2020-04-02,47.993,47.993,47.993,47.993,-0.02%
2020-04-03,47.083,47.083,47.083,47.083,-1.90%
2020-04-06,49.496,49.496,49.496,49.496,5.12%
2020-04-07,49.38,49.38,49.38,49.38,-0.23%
2020-04-09,51.641,51.641,51.641,51.641,4.58%
2020-04-13,51.297,51.297,51.297,51.297,-0.67%
2020-04-14,52.313,52.313,52.313,52.313,1.98%
2020-04-15,50.143,50.143,50.143,50.143,-4.15%
2020-04-16,49.814,49.814,49.814,49.814,-0.66%
2020-04-17,51.097,51.097,51.097,51.097,2.58%
2020-04-20,52.162,52.162,52.162,52.162,2.08%
2020-04-21,51.347,51.347,51.347,51.347,-1.56%
2020-04-22,51.626,51.626,51.626,51.626,0.54%
2020-04-23,52.661,52.661,52.661,52.661,2.01%
2020-04-24,51.761,51.761,51.761,51.761,-1.71%
2020-04-27,53.009,53.009,53.009,53.009,2.41%
2020-04-28,54.189,54.189,54.189,54.189,2.23%
2020-04-30,54.8,54.8,54.8,54.8,1.13%
2020-05-04,53.171,53.171,53.171,53.171,-2.97%
2020-05-05,52.885,52.885,52.885,52.885,-0.54%
2020-05-06,51.862,51.862,51.862,51.862,-1.93%
2020-05-07,52.195,52.195,52.195,52.195,0.64%
2020-05-08,52.935,52.935,52.935,52.935,1.42%
2020-05-11,52.464,52.464,52.464,52.464,-0.89%
2020-05-12,51.647,51.647,51.647,51.647,-1.56%
2020-05-13,49.903,49.903,49.903,49.903,-3.38%
2020-05-14,48.863,48.863,48.863,48.863,-2.08%
2020-05-18,51.37,51.37,51.37,51.37,5.13%
2020-05-19,51.017,51.017,51.017,51.017,-0.69%
2020-05-20,51.81,51.81,51.81,51.81,1.55%
2020-05-21,51.936,51.936,51.936,51.936,0.24%
2020-05-22,51.56,51.56,51.56,51.56,-0.72%
2020-05-25,52.312,52.312,52.312,52.312,1.46%
2020-05-26,53.574,53.574,53.574,53.574,2.41%
2020-05-27,55.08,55.08,55.08,55.08,2.81%
2020-05-28,54.791,54.791,54.791,54.791,-0.53%
2020-05-29,54.148,54.148,54.148,54.148,-1.17%
2020-06-01,54.853,54.853,54.853,54.853,1.30%
2020-06-02,55.616,55.616,55.616,55.616,1.39%
2020-06-03,57.044,57.044,57.044,57.044,2.57%
2020-06-04,57.652,57.652,57.652,57.652,1.06%
2020-06-05,61.183,61.183,61.183,61.183,6.12%
2020-06-08,63.435,63.435,63.435,63.435,3.68%
2020-06-09,62.163,62.163,62.163,62.163,-2.01%
2020-06-10,60.414,60.414,60.414,60.414,-2.81%
2020-06-11,56.415,56.415,56.415,56.415,-6.62%
2020-06-12,56.596,56.596,56.596,56.596,0.32%
2020-06-15,56.606,56.606,56.606,56.606,0.02%
2020-06-16,58.319,58.319,58.319,58.319,3.03%
2020-06-17,57.118,57.118,57.118,57.118,-2.06%
2020-06-18,57.467,57.467,57.467,57.467,0.61%
2020-06-19,57.064,57.064,57.064,57.064,-0.70%
2020-06-22,56.201,56.201,56.201,56.201,-1.51%
2020-06-23,56.56,56.56,56.56,56.56,0.64%
2020-06-24,54.741,54.741,54.741,54.741,-3.22%
2020-06-25,54.565,54.565,54.565,54.565,-0.32%
2020-06-26,52.953,52.953,52.953,52.953,-2.96%
2020-06-29,53.836,53.836,53.836,53.836,1.67%
2020-06-30,53.766,53.766,53.766,53.766,-0.13%
2020-07-01,53.723,53.723,53.723,53.723,-0.08%
2020-07-02,54.023,54.023,54.023,54.023,0.56%
2020-07-06,54.72,54.72,54.72,54.72,1.29%
2020-07-07,53.751,53.751,53.751,53.751,-1.77%
2020-07-08,53.175,53.175,53.175,53.175,-1.07%
2020-07-09,52.202,52.202,52.202,52.202,-1.83%
2020-07-10,52.823,52.823,52.823,52.823,1.19%
2020-07-13,52.808,52.808,52.808,52.808,-0.03%
2020-07-14,53.053,53.053,53.053,53.053,0.47%
2020-07-15,54.29,54.29,54.29,54.29,2.33%
2020-07-16,54.336,54.336,54.336,54.336,0.08%
2020-07-17,54.231,54.231,54.231,54.231,-0.19%
2020-07-20,54.427,54.427,54.427,54.427,0.36%
2020-07-21,55.553,55.553,55.553,55.553,2.07%
2020-07-22,54.957,54.957,54.957,54.957,-1.07%
2020-07-23,55.204,55.204,55.204,55.204,0.45%
2020-07-24,54.706,54.706,54.706,54.706,-0.90%
2020-07-27,54.273,54.273,54.273,54.273,-0.79%
2020-07-28,54.146,54.146,54.146,54.146,-0.23%
2020-07-29,54.556,54.556,54.556,54.556,0.76%
2020-07-30,53.002,53.002,53.002,53.002,-2.85%
2020-07-31,52.412,52.412,52.412,52.412,-1.11%
2020-08-03,52.646,52.646,52.646,52.646,0.45%
2020-08-04,53.276,53.276,53.276,53.276,1.20%
2020-08-05,54.802,54.802,54.802,54.802,2.87%
2020-08-06,54.442,54.442,54.442,54.442,-0.66%
2020-08-07,54.839,54.839,54.839,54.839,0.73%
2020-08-10,55.864,55.864,55.864,55.864,1.87%
2020-08-11,57.57,57.57,57.57,57.57,3.05%
2020-08-12,57.901,57.901,57.901,57.901,0.57%
2020-08-13,57.838,57.838,57.838,57.838,-0.11%
2020-08-14,57.841,57.841,57.841,57.841,0.00%
2020-08-17,57.4,57.4,57.4,57.4,-0.76%
2020-08-18,56.769,56.769,56.769,56.769,-1.10%
2020-08-19,56.612,56.612,56.612,56.612,-0.28%
2020-08-20,56.169,56.169,56.169,56.169,-0.78%
2020-08-24,56.935,56.935,56.935,56.935,1.36%
2020-08-28,55.705,55.705,55.705,55.705,-2.16%
2020-08-31,55.998,55.998,55.998,55.998,0.53%
2020-09-01,55.308,55.308,55.308,55.308,-1.23%
2020-09-02,55.419,55.419,55.419,55.419,0.20%
2020-09-03,55.192,55.192,55.192,55.192,-0.41%
2020-09-04,55.075,55.075,55.075,55.075,-0.21%
2020-09-07,55.261,55.261,55.261,55.261,0.34%
2020-09-08,54.897,54.897,54.897,54.897,-0.66%
2020-09-09,55.61,55.61,55.61,55.61,1.30%
2020-09-10,55.438,55.438,55.438,55.438,-0.31%
2020-09-14,56.361,56.361,56.361,56.361,1.66%
2020-09-15,57.064,57.064,57.064,57.064,1.25%
2020-09-16,57.1,57.1,57.1,57.1,0.06%
2020-09-17,57.258,57.258,57.258,57.258,0.28%
2020-09-18,56.954,56.954,56.954,56.954,-0.53%
2020-09-21,54.372,54.372,54.372,54.372,-4.53%
2020-09-22,53.85,53.85,53.85,53.85,-0.96%
2020-09-23,53.017,53.017,53.017,53.017,-1.55%
2020-09-24,51.128,51.128,51.128,51.128,-3.56%
2020-09-28,52.255,52.255,52.255,52.255,2.20%
2020-09-29,51.949,51.949,51.949,51.949,-0.58%
2020-09-30,52.661,52.661,52.661,52.661,1.37%
2020-10-01,52.718,52.718,52.718,52.718,0.11%
2020-10-02,52.957,52.957,52.957,52.957,0.45%
2020-10-05,53.964,53.964,53.964,53.964,1.90%
2020-10-06,54.112,54.112,54.112,54.112,0.27%
2020-10-07,54.202,54.202,54.202,54.202,0.17%
2020-10-08,55.398,55.398,55.398,55.398,2.21%
2020-10-09,54.818,54.818,54.818,54.818,-1.05%
2020-10-12,55.037,55.037,55.037,55.037,0.40%
2020-10-13,54.579,54.579,54.579,54.579,-0.83%
2020-10-14,54.476,54.476,54.476,54.476,-0.19%
2020-10-15,54.479,54.479,54.479,54.479,0.01%
2020-10-16,54.804,54.804,54.804,54.804,0.60%
2020-10-19,54.657,54.657,54.657,54.657,-0.27%
2020-10-20,54.802,54.802,54.802,54.802,0.27%
2020-10-21,54.559,54.559,54.559,54.559,-0.44%
2020-10-22,54.953,54.953,54.953,54.953,0.72%
2020-10-23,55.08,55.08,55.08,55.08,0.23%
2020-10-26,53.839,53.839,53.839,53.839,-2.25%
2020-10-27,52.787,52.787,52.787,52.787,-1.95%
2020-10-28,50.657,50.657,50.657,50.657,-4.04%
2020-10-29,50.931,50.931,50.931,50.931,0.54%
2020-10-30,50.81,50.81,50.81,50.81,-0.24%
2020-11-02,51.633,51.633,51.633,51.633,1.62%
2020-11-03,52.312,52.312,52.312,52.312,1.31%
2020-11-04,52.311,52.311,52.311,52.311,-0.00%
2020-11-05,53.63,53.63,53.63,53.63,2.52%
2020-11-06,52.964,52.964,52.964,52.964,-1.24%
2020-11-09,56.585,56.585,56.585,56.585,6.84%
2020-11-10,58.037,58.037,58.037,58.037,2.57%
2020-11-11,58.739,58.739,58.739,58.739,1.21%
2020-11-12,57.756,57.756,57.756,57.756,-1.67%
2020-11-13,58.473,58.473,58.473,58.473,1.24%
2020-11-16,60.66,60.66,60.66,60.66,3.74%
2020-11-17,61.001,61.001,61.001,61.001,0.56%
2020-11-18,61.422,61.422,61.422,61.422,0.69%
2020-11-19,61.487,61.487,61.487,61.487,0.11%
2020-11-20,62.03,62.03,62.03,62.03,0.88%
2020-11-23,63.842,63.842,63.842,63.842,2.92%
2020-11-24,65.514,65.514,65.514,65.514,2.62%
2020-11-25,65.508,65.508,65.508,65.508,-0.01%
2020-11-26,65.333,65.333,65.333,65.333,-0.27%
2020-11-27,65.276,65.276,65.276,65.276,-0.09%
2020-11-30,63.573,63.573,63.573,63.573,-2.61%
2020-12-01,63.916,63.916,63.916,63.916,0.54%
2020-12-02,64.392,64.392,64.392,64.392,0.74%
2020-12-03,64.785,64.785,64.785,64.785,0.61%
2020-12-07,66.408,66.408,66.408,66.408,2.51%
2020-12-08,66.231,66.231,66.231,66.231,-0.27%
2020-12-09,66.166,66.166,66.166,66.166,-0.10%
2020-12-10,66.754,66.754,66.754,66.754,0.89%
2020-12-11,65.862,65.862,65.862,65.862,-1.34%
2020-12-14,65.782,65.782,65.782,65.782,-0.12%
2020-12-15,66.562,66.562,66.562,66.562,1.18%
2020-12-16,66.267,66.267,66.267,66.267,-0.44%
2020-12-17,66.823,66.823,66.823,66.823,0.84%
2020-12-18,66.403,66.403,66.403,66.403,-0.63%
2020-12-21,64.392,64.392,64.392,64.392,-3.03%
2020-12-22,64.199,64.199,64.199,64.199,-0.30%
2020-12-23,66.44,66.44,66.44,66.44,3.49%
2020-12-24,66.744,66.744,66.744,66.744,0.46%
2020-12-28,67.154,67.154,67.154,67.154,0.61%
2020-12-29,66.653,66.653,66.653,66.653,-0.75%
2020-12-30,66.958,66.958,66.958,66.958,0.46%
2020-12-31,67.138,67.138,67.138,67.138,0.27%
2021-01-04,67.545,67.545,67.545,67.545,0.61%
2021-01-05,68.546,68.546,68.546,68.546,1.48%
2021-01-07,71.816,71.816,71.816,71.816,4.77%
2021-01-08,72.284,72.284,72.284,72.284,0.65%
2021-01-11,72.089,72.089,72.089,72.089,-0.27%
2021-01-12,73.839,73.839,73.839,73.839,2.43%
2021-01-13,73.952,73.952,73.952,73.952,0.15%
2021-01-14,74.928,74.928,74.928,74.928,1.32%
2021-01-15,72.823,72.823,72.823,72.823,-2.81%
2021-01-18,72.701,72.701,72.701,72.701,-0.17%
2021-01-19,72.806,72.806,72.806,72.806,0.14%
2021-01-20,72.78,72.78,72.78,72.78,-0.04%
2021-01-21,72.2,72.2,72.2,72.2,-0.80%
2021-01-22,71.419,71.419,71.419,71.419,-1.08%
2021-01-25,70.286,70.286,70.286,70.286,-1.59%
2021-01-26,70.817,70.817,70.817,70.817,0.75%
2021-01-27,69.934,69.934,69.934,69.934,-1.25%
2021-01-28,70.29,70.29,70.29,70.29,0.51%
2021-01-29,69.394,69.394,69.394,69.394,-1.27%
2021-02-01,69.948,69.948,69.948,69.948,0.80%
2021-02-02,70.961,70.961,70.961,70.961,1.45%
2021-02-03,72.095,72.095,72.095,72.095,1.60%
2021-02-04,72.606,72.606,72.606,72.606,0.71%
2021-02-05,73.571,73.571,73.571,73.571,1.33%
2021-02-08,74.856,74.856,74.856,74.856,1.75%
2021-02-09,75.087,75.087,75.087,75.087,0.31%
2021-02-10,75.404,75.404,75.404,75.404,0.42%
2021-02-11,75.25,75.25,75.25,75.25,-0.20%
2021-02-12,76.02,76.02,76.02,76.02,1.02%
2021-02-15,76.993,76.993,76.993,76.993,1.28%
2021-02-16,77.596,77.596,77.596,77.596,0.78%
2021-02-17,76.639,76.639,76.639,76.639,-1.23%
2021-02-18,74.812,74.812,74.812,74.812,-2.38%
2021-02-19,75.695,75.695,75.695,75.695,1.18%
2021-02-22,76.117,76.117,76.117,76.117,0.56%
2021-02-23,75.811,75.811,75.811,75.811,-0.40%
2021-02-24,77.266,77.266,77.266,77.266,1.92%
2021-02-25,77.3,77.3,77.3,77.3,0.04%
2021-02-26,75.423,75.423,75.423,75.423,-2.43%
2021-03-01,76.722,76.722,76.722,76.722,1.72%
2021-03-02,76.216,76.216,76.216,76.216,-0.66%
2021-03-03,76.613,76.613,76.613,76.613,0.52%
2021-03-04,76.552,76.552,76.552,76.552,-0.08%
2021-03-05,77.186,77.186,77.186,77.186,0.83%
2021-03-08,78.089,78.089,78.089,78.089,1.17%
2021-03-09,78.079,78.079,78.079,78.079,-0.01%
2021-03-10,78.992,78.992,78.992,78.992,1.17%
2021-03-11,80.772,80.772,80.772,80.772,2.25%
2021-03-12,81.201,81.201,81.201,81.201,0.53%
2021-03-15,82.179,82.179,82.179,82.179,1.20%
2021-03-16,82.645,82.645,82.645,82.645,0.57%
2021-03-17,82.669,82.669,82.669,82.669,0.03%
2021-03-18,81.735,81.735,81.735,81.735,-1.13%
2021-03-22,81.484,81.484,81.484,81.484,-0.31%
2021-03-23,79.513,79.513,79.513,79.513,-2.42%
2021-03-24,79.792,79.792,79.792,79.792,0.35%
2021-03-25,79.649,79.649,79.649,79.649,-0.18%
2021-03-26,81.226,81.226,81.226,81.226,1.98%
2021-03-29,79.978,79.978,79.978,79.978,-1.54%
2021-03-30,80.537,80.537,80.537,80.537,0.70%
2021-03-31,80.381,80.381,80.381,80.381,-0.19%
2021-04-06,81.531,81.531,81.531,81.531,1.43%
2021-04-07,81.695,81.695,81.695,81.695,0.20%
2021-04-09,80.846,80.846,80.846,80.846,-1.04%
2021-04-12,80.35,80.35,80.35,80.35,-0.61%
2021-04-13,80.922,80.922,80.922,80.922,0.71%
2021-04-14,81.709,81.709,81.709,81.709,0.97%
2021-04-16,82.248,82.248,82.248,82.248,0.66%
2021-04-19,82.621,82.621,82.621,82.621,0.45%
2021-04-20,80.726,80.726,80.726,80.726,-2.29%
2021-04-21,81.633,81.633,81.633,81.633,1.12%
2021-04-22,81.953,81.953,81.953,81.953,0.39%
2021-04-23,81.7,81.7,81.7,81.7,-0.31%
2021-04-26,82.8,82.8,82.8,82.8,1.35%
2021-04-27,82.843,82.843,82.843,82.843,0.05%
2021-04-28,83.001,83.001,83.001,83.001,0.19%
2021-04-29,82.992,82.992,82.992,82.992,-0.01%
2021-04-30,81.994,81.994,81.994,81.994,-1.20%
2021-05-03,83.271,83.271,83.271,83.271,1.56%
2021-05-04,82.264,82.264,82.264,82.264,-1.21%
2021-05-05,83.563,83.563,83.563,83.563,1.58%
2021-05-06,83.62,83.62,83.62,83.62,0.07%
2021-05-07,84.687,84.687,84.687,84.687,1.28%
2021-05-10,85.098,85.098,85.098,85.098,0.49%
2021-05-11,84.171,84.171,84.171,84.171,-1.09%
2021-05-12,83.916,83.916,83.916,83.916,-0.30%
2021-05-13,83.47,83.47,83.47,83.47,-0.53%
2021-05-14,84.834,84.834,84.834,84.834,1.63%
2021-05-17,85.589,85.589,85.589,85.589,0.89%
2021-05-18,85.714,85.714,85.714,85.714,0.15%
2021-05-19,84.759,84.759,84.759,84.759,-1.11%
2021-05-20,84.622,84.622,84.622,84.622,-0.16%
2021-05-21,85.234,85.234,85.234,85.234,0.72%
2021-05-24,85.633,85.633,85.633,85.633,0.47%
2021-05-25,85.158,85.158,85.158,85.158,-0.55%
2021-05-26,86.025,86.025,86.025,86.025,1.02%
2021-05-27,86.85,86.85,86.85,86.85,0.96%
2021-05-28,87.244,87.244,87.244,87.244,0.45%
2021-05-31,87.424,87.424,87.424,87.424,0.21%
2021-06-01,89.135,89.135,89.135,89.135,1.96%
2021-06-02,89.381,89.381,89.381,89.381,0.28%
2021-06-03,89.289,89.289,89.289,89.289,-0.10%
2021-06-04,89.054,89.054,89.054,89.054,-0.26%
2021-06-07,89.661,89.661,89.661,89.661,0.68%
2021-06-08,89.831,89.831,89.831,89.831,0.19%
2021-06-09,89.016,89.016,89.016,89.016,-0.91%
2021-06-10,89.265,89.265,89.265,89.265,0.28%
2021-06-11,90.028,90.028,90.028,90.028,0.86%
2021-06-14,89.914,89.914,89.914,89.914,-0.13%
2021-06-15,89.592,89.592,89.592,89.592,-0.36%
2021-06-16,89.838,89.838,89.838,89.838,0.27%
2021-06-17,88.518,88.518,88.518,88.518,-1.47%
2021-06-18,86.813,86.813,86.813,86.813,-1.93%
2021-06-21,88.056,88.056,88.056,88.056,1.43%
2021-06-22,87.933,87.933,87.933,87.933,-0.14%
2021-06-23,88.333,88.333,88.333,88.333,0.46%
2021-06-24,88.943,88.943,88.943,88.943,0.69%
2021-06-25,88.741,88.741,88.741,88.741,-0.23%
2021-06-28,87.052,87.052,87.052,87.052,-1.90%
2021-06-29,87.0,87.0,87.0,87.0,-0.06%
2021-06-30,86.901,86.901,86.901,86.901,-0.11%
2021-07-01,87.824,87.824,87.824,87.824,1.06%
2021-07-02,88.215,88.215,88.215,88.215,0.44%
2021-07-05,88.769,88.769,88.769,88.769,0.63%
2021-07-06,87.771,87.771,87.771,87.771,-1.12%
2021-07-07,86.826,86.826,86.826,86.826,-1.08%
2021-07-08,85.134,85.134,85.134,85.134,-1.95%
2021-07-09,85.955,85.955,85.955,85.955,0.96%
2021-07-12,85.932,85.932,85.932,85.932,-0.03%
2021-07-13,84.955,84.955,84.955,84.955,-1.14%
2021-07-14,84.127,84.127,84.127,84.127,-0.97%
2021-07-15,83.281,83.281,83.281,83.281,-1.01%
2021-07-16,81.991,81.991,81.991,81.991,-1.55%
2021-07-19,78.882,78.882,78.882,78.882,-3.79%
2021-07-20,80.14,80.14,80.14,80.14,1.59%
2021-07-21,82.42,82.42,82.42,82.42,2.85%
2021-07-22,81.908,81.908,81.908,81.908,-0.62%
2021-07-23,82.26,82.26,82.26,82.26,0.43%
2021-07-26,83.398,83.398,83.398,83.398,1.38%
2021-07-27,82.466,82.466,82.466,82.466,-1.12%
2021-07-28,83.002,83.002,83.002,83.002,0.65%
2021-07-29,83.748,83.748,83.748,83.748,0.90%
2021-07-30,82.328,82.328,82.328,82.328,-1.70%
2021-08-02,82.398,82.398,82.398,82.398,0.08%
2021-08-03,82.364,82.364,82.364,82.364,-0.04%
2021-08-04,81.781,81.781,81.781,81.781,-0.71%
2021-08-05,82.527,82.527,82.527,82.527,0.91%
2021-08-06,83.306,83.306,83.306,83.306,0.94%
2021-08-09,82.777,82.777,82.777,82.777,-0.63%
2021-08-10,83.632,83.632,83.632,83.632,1.03%
2021-08-11,84.619,84.619,84.619,84.619,1.18%
2021-08-12,84.351,84.351,84.351,84.351,-0.32%
2021-08-13,84.728,84.728,84.728,84.728,0.45%
2021-08-16,83.933,83.933,83.933,83.933,-0.94%
2021-08-17,83.308,83.308,83.308,83.308,-0.74%
2021-08-18,83.708,83.708,83.708,83.708,0.48%
2021-08-19,82.005,82.005,82.005,82.005,-2.03%
2021-08-20,82.134,82.134,82.134,82.134,0.16%
2021-08-23,83.513,83.513,83.513,83.513,1.68%
2021-08-24,84.284,84.284,84.284,84.284,0.92%
2021-08-25,85.03,85.03,85.03,85.03,0.88%
2021-08-26,84.744,84.744,84.744,84.744,-0.34%
2021-08-27,85.774,85.774,85.774,85.774,1.21%
2021-08-30,85.54,85.54,85.54,85.54,-0.27%
2021-08-31,85.487,85.487,85.487,85.487,-0.06%
2021-09-01,85.787,85.787,85.787,85.787,0.35%
2021-09-02,86.802,86.802,86.802,86.802,1.18%
2021-09-03,86.731,86.731,86.731,86.731,-0.08%
2021-09-06,86.657,86.657,86.657,86.657,-0.08%
2021-09-07,86.494,86.494,86.494,86.494,-0.19%
2021-09-08,85.471,85.471,85.471,85.471,-1.18%
2021-09-09,85.338,85.338,85.338,85.338,-0.16%
2021-09-10,85.046,85.046,85.046,85.046,-0.34%
2021-09-13,86.139,86.139,86.139,86.139,1.29%
2021-09-14,85.495,85.495,85.495,85.495,-0.75%
2021-09-15,85.855,85.855,85.855,85.855,0.42%
2021-09-16,85.525,85.525,85.525,85.525,-0.38%
2021-09-17,85.033,85.033,85.033,85.033,-0.58%
2021-09-20,82.923,82.923,82.923,82.923,-2.48%
2021-09-21,83.375,83.375,83.375,83.375,0.54%
2021-09-22,85.034,85.034,85.034,85.034,1.99%
2021-09-23,86.647,86.647,86.647,86.647,1.90%
2021-09-24,87.21,87.21,87.21,87.21,0.65%
2021-09-27,89.186,89.186,89.186,89.186,2.27%
2021-09-28,88.913,88.913,88.913,88.913,-0.31%
2021-09-29,89.189,89.189,89.189,89.189,0.31%
2021-09-30,89.792,89.792,89.792,89.792,0.67%
2021-10-01,90.358,90.358,90.358,90.358,0.63%
2021-10-04,90.768,90.768,90.768,90.768,0.45%
2021-10-05,91.114,91.114,91.114,91.114,0.38%
2021-10-06,88.955,88.955,88.955,88.955,-2.37%
2021-10-07,90.088,90.088,90.088,90.088,1.27%
2021-10-08,90.269,90.269,90.269,90.269,0.20%
2021-10-11,90.722,90.722,90.722,90.722,0.50%
2021-10-13,90.629,90.629,90.629,90.629,-0.10%
2021-10-14,91.299,91.299,91.299,91.299,0.74%
2021-10-15,92.103,92.103,92.103,92.103,0.88%
2021-10-18,92.83,92.83,92.83,92.83,0.79%
2021-10-19,93.517,93.517,93.517,93.517,0.74%
2021-10-20,93.502,93.502,93.502,93.502,-0.02%
2021-10-21,93.132,93.132,93.132,93.132,-0.40%
2021-10-22,93.238,93.238,93.238,93.238,0.11%
2021-10-25,94.238,94.238,94.238,94.238,1.07%
2021-10-26,93.398,93.398,93.398,93.398,-0.89%
2021-10-27,92.156,92.156,92.156,92.156,-1.33%
2021-10-28,91.539,91.539,91.539,91.539,-0.67%
2021-10-29,91.256,91.256,91.256,91.256,-0.31%
2021-11-02,92.517,92.517,92.517,92.517,1.38%
2021-11-03,92.771,92.771,92.771,92.771,0.27%
2021-11-04,92.977,92.977,92.977,92.977,0.22%
2021-11-05,94.112,94.112,94.112,94.112,1.22%
2021-11-08,94.564,94.564,94.564,94.564,0.48%
2021-11-10,92.859,92.859,92.859,92.859,-1.80%
2021-11-11,93.311,93.311,93.311,93.311,0.49%
2021-11-12,93.324,93.324,93.324,93.324,0.01%
2021-11-15,93.719,93.719,93.719,93.719,0.42%
2021-11-16,93.535,93.535,93.535,93.535,-0.20%
2021-11-17,92.883,92.883,92.883,92.883,-0.70%
2021-11-18,91.667,91.667,91.667,91.667,-1.31%
2021-11-19,90.231,90.231,90.231,90.231,-1.57%
2021-11-22,90.683,90.683,90.683,90.683,0.50%
2021-11-23,90.533,90.533,90.533,90.533,-0.17%
2021-11-24,91.0,91.0,91.0,91.0,0.52%
2021-11-25,91.347,91.347,91.347,91.347,0.38%
2021-11-26,87.316,87.316,87.316,87.316,-4.41%
2021-11-29,87.911,87.911,87.911,87.911,0.68%
2021-11-30,86.407,86.407,86.407,86.407,-1.71%
2021-12-01,86.444,86.444,86.444,86.444,0.04%
2021-12-02,86.994,86.994,86.994,86.994,0.64%
2021-12-03,86.449,86.449,86.449,86.449,-0.63%
2021-12-07,89.42,89.42,89.42,89.42,3.44%
2021-12-09,88.712,88.712,88.712,88.712,-0.79%
2021-12-10,88.644,88.644,88.644,88.644,-0.08%
2021-12-13,86.935,86.935,86.935,86.935,-1.93%
2021-12-14,86.187,86.187,86.187,86.187,-0.86%
2021-12-15,85.766,85.766,85.766,85.766,-0.49%
2021-12-16,86.299,86.299,86.299,86.299,0.62%
2021-12-17,85.952,85.952,85.952,85.952,-0.40%
2021-12-20,84.775,84.775,84.775,84.775,-1.37%
2021-12-21,87.145,87.145,87.145,87.145,2.80%
2021-12-22,87.94,87.94,87.94,87.94,0.91%
2021-12-23,88.061,88.061,88.061,88.061,0.14%
2021-12-24,88.036,88.036,88.036,88.036,-0.03%
2021-12-27,88.377,88.377,88.377,88.377,0.39%
2021-12-28,88.743,88.743,88.743,88.743,0.41%
2021-12-29,88.356,88.356,88.356,88.356,-0.44%
2021-12-30,88.426,88.426,88.426,88.426,0.08%
2021-12-31,88.631,88.631,88.631,88.631,0.23%
2022-01-03,90.308,90.308,90.308,90.308,1.89%
2022-01-04,91.964,91.964,91.964,91.964,1.83%
2022-01-05,92.001,92.001,92.001,92.001,0.04%
2022-01-06,92.898,92.898,92.898,92.898,0.97%
2022-01-07,93.331,93.331,93.331,93.331,0.47%
2022-01-10,92.77,92.77,92.77,92.77,-0.60%
2022-01-11,93.816,93.816,93.816,93.816,1.13%
2022-01-12,94.456,94.456,94.456,94.456,0.68%
2022-01-13,94.642,94.642,94.642,94.642,0.20%
2022-01-14,94.553,94.553,94.553,94.553,-0.09%
2022-01-17,94.976,94.976,94.976,94.976,0.45%
2022-01-18,94.553,94.553,94.553,94.553,-0.45%
2022-01-19,93.619,93.619,93.619,93.619,-0.99%
2022-01-20,93.03,93.03,93.03,93.03,-0.63%
2022-01-21,90.707,90.707,90.707,90.707,-2.50%
2022-01-24,87.926,87.926,87.926,87.926,-3.07%
2022-01-25,89.85,89.85,89.85,89.85,2.19%
2022-01-26,90.93,90.93,90.93,90.93,1.20%
2022-01-27,91.02,91.02,91.02,91.02,0.10%
2022-01-28,90.532,90.532,90.532,90.532,-0.54%
2022-01-31,90.576,90.576,90.576,90.576,0.05%
2022-02-01,91.939,91.939,91.939,91.939,1.51%
2022-02-02,91.828,91.828,91.828,91.828,-0.12%
2022-02-03,90.654,90.654,90.654,90.654,-1.28%
2022-02-04,90.921,90.921,90.921,90.921,0.29%
2022-02-07,90.732,90.732,90.732,90.732,-0.21%
2022-02-08,90.144,90.144,90.144,90.144,-0.65%
2022-02-09,91.675,91.675,91.675,91.675,1.70%
2022-02-10,92.301,92.301,92.301,92.301,0.68%
2022-02-11,93.098,93.098,93.098,93.098,0.86%
2022-02-14,91.419,91.419,91.419,91.419,-1.80%
2022-02-15,91.95,91.95,91.95,91.95,0.58%
2022-02-16,93.178,93.178,93.178,93.178,1.33%
2022-02-17,92.354,92.354,92.354,92.354,-0.88%
2022-02-18,91.562,91.562,91.562,91.562,-0.86%
2022-02-21,91.002,91.002,91.002,91.002,-0.61%
2022-02-22,91.039,91.039,91.039,91.039,0.04%
2022-02-23,91.056,91.056,91.056,91.056,0.02%
2022-02-24,90.771,90.771,90.771,90.771,-0.31%
2022-02-25,91.853,91.853,91.853,91.853,1.19%
2022-02-28,92.288,92.288,92.288,92.288,0.47%
2022-03-01,91.743,91.743,91.743,91.743,-0.59%
2022-03-02,93.408,93.408,93.408,93.408,1.81%
2022-03-03,92.514,92.514,92.514,92.514,-0.96%
2022-03-04,91.096,91.096,91.096,91.096,-1.53%
2022-03-07,91.311,91.311,91.311,91.311,0.24%
2022-03-08,92.985,92.985,92.985,92.985,1.83%
2022-03-09,92.717,92.717,92.717,92.717,-0.29%
2022-03-10,93.154,93.154,93.154,93.154,0.47%
2022-03-11,93.094,93.094,93.094,93.094,-0.07%
2022-03-14,91.56,91.56,91.56,91.56,-1.65%
2022-03-15,90.771,90.771,90.771,90.771,-0.86%
2022-03-16,92.732,92.732,92.732,92.732,2.16%
2022-03-17,94.175,94.175,94.175,94.175,1.56%
2022-03-18,96.212,96.212,96.212,96.212,2.16%
2022-03-21,97.219,97.219,97.219,97.219,1.05%
2022-03-22,97.706,97.706,97.706,97.706,0.50%
2022-03-23,98.334,98.334,98.334,98.334,0.64%
2022-03-24,98.788,98.788,98.788,98.788,0.46%
2022-03-25,100.912,100.912,100.912,100.912,2.15%
2022-03-28,100.411,100.411,100.411,100.411,-0.50%
2022-03-29,100.684,100.684,100.684,100.684,0.27%
2022-03-30,101.424,101.424,101.424,101.424,0.74%
2022-03-31,100.945,100.945,100.945,100.945,-0.47%
2022-04-01,102.687,102.687,102.687,102.687,1.73%
2022-04-04,102.58,102.58,102.58,102.58,-0.10%
2022-04-05,102.154,102.154,102.154,102.154,-0.42%
2022-04-06,101.197,101.197,101.197,101.197,-0.94%
2022-04-07,100.963,100.963,100.963,100.963,-0.23%
2022-04-08,102.934,102.934,102.934,102.934,1.95%
2022-04-11,102.366,102.366,102.366,102.366,-0.55%
2022-04-12,103.056,103.056,103.056,103.056,0.67%
2022-04-13,103.957,103.957,103.957,103.957,0.87%
2022-04-14,104.722,104.722,104.722,104.722,0.74%
2022-04-18,104.106,104.106,104.106,104.106,-0.59%
2022-04-19,104.247,104.247,104.247,104.247,0.14%
2022-04-20,103.914,103.914,103.914,103.914,-0.32%
2022-04-21,103.532,103.532,103.532,103.532,-0.37%
2022-04-22,101.437,101.437,101.437,101.437,-2.02%
2022-04-25,98.705,98.705,98.705,98.705,-2.69%
2022-04-26,98.383,98.383,98.383,98.383,-0.33%
2022-04-27,99.562,99.562,99.562,99.562,1.20%
2022-04-28,100.637,100.637,100.637,100.637,1.08%
2022-04-29,99.878,99.878,99.878,99.878,-0.75%
2022-05-02,99.482,99.482,99.482,99.482,-0.40%
2022-05-03,101.365,101.365,101.365,101.365,1.89%
2022-05-04,102.024,102.024,102.024,102.024,0.65%
2022-05-05,100.324,100.324,100.324,100.324,-1.67%
2022-05-06,99.804,99.804,99.804,99.804,-0.52%
2022-05-09,95.864,95.864,95.864,95.864,-3.95%
2022-05-10,95.865,95.865,95.865,95.865,0.00%
2022-05-11,96.573,96.573,96.573,96.573,0.74%
2022-05-12,95.794,95.794,95.794,95.794,-0.81%
2022-05-13,98.902,98.902,98.902,98.902,3.24%
2022-05-16,100.493,100.493,100.493,100.493,1.61%
2022-05-17,101.269,101.269,101.269,101.269,0.77%
2022-05-18,100.394,100.394,100.394,100.394,-0.86%
2022-05-19,100.32,100.32,100.32,100.32,-0.07%
2022-05-20,100.911,100.911,100.911,100.911,0.59%
2022-05-23,102.505,102.505,102.505,102.505,1.58%
2022-05-24,101.447,101.447,101.447,101.447,-1.03%
2022-05-25,103.653,103.653,103.653,103.653,2.17%
2022-05-26,104.614,104.614,104.614,104.614,0.93%
2022-05-27,105.737,105.737,105.737,105.737,1.07%
2022-05-30,106.544,106.544,106.544,106.544,0.76%
2022-05-31,106.697,106.697,106.697,106.697,0.14%
2022-06-01,107.857,107.857,107.857,107.857,1.09%
2022-06-02,108.355,108.355,108.355,108.355,0.46%
2022-06-03,108.316,108.316,108.316,108.316,-0.04%
2022-06-06,108.482,108.482,108.482,108.482,0.15%
2022-06-07,108.928,108.928,108.928,108.928,0.41%
2022-06-08,108.606,108.606,108.606,108.606,-0.30%
2022-06-09,106.848,106.848,106.848,106.848,-1.62%
2022-06-10,104.963,104.963,104.963,104.963,-1.76%
2022-06-13,99.841,99.841,99.841,99.841,-4.88%
2022-06-14,99.529,99.529,99.529,99.529,-0.31%
2022-06-15,100.036,100.036,100.036,100.036,0.51%
2022-06-16,96.705,96.705,96.705,96.705,-3.33%
2022-06-17,96.192,96.192,96.192,96.192,-0.53%
2022-06-20,96.56,96.56,96.56,96.56,0.38%
2022-06-21,97.528,97.528,97.528,97.528,1.00%
2022-06-22,95.355,95.355,95.355,95.355,-2.23%
2022-06-23,93.991,93.991,93.991,93.991,-1.43%
2022-06-24,95.289,95.289,95.289,95.289,1.38%
2022-06-27,95.661,95.661,95.661,95.661,0.39%
2022-06-28,96.482,96.482,96.482,96.482,0.86%
2022-06-29,95.247,95.247,95.247,95.247,-1.28%
2022-06-30,93.215,93.215,93.215,93.215,-2.13%
2022-07-01,93.086,93.086,93.086,93.086,-0.14%
2022-07-04,93.369,93.369,93.369,93.369,0.30%
2022-07-05,91.091,91.091,91.091,91.091,-2.44%
2022-07-06,89.32,89.32,89.32,89.32,-1.94%
2022-07-07,92.308,92.308,92.308,92.308,3.35%
2022-07-08,93.56,93.56,93.56,93.56,1.36%
2022-07-11,92.088,92.088,92.088,92.088,-1.57%
2022-07-12,91.45,91.45,91.45,91.45,-0.69%
2022-07-13,91.149,91.149,91.149,91.149,-0.33%
2022-07-14,89.178,89.178,89.178,89.178,-2.16%
2022-07-15,90.687,90.687,90.687,90.687,1.69%
2022-07-18,92.199,92.199,92.199,92.199,1.67%
2022-07-19,94.172,94.172,94.172,94.172,2.14%
2022-07-20,94.054,94.054,94.054,94.054,-0.13%
2022-07-21,93.216,93.216,93.216,93.216,-0.89%
2022-07-22,92.805,92.805,92.805,92.805,-0.44%
2022-07-26,94.203,94.203,94.203,94.203,1.51%
2022-07-27,95.863,95.863,95.863,95.863,1.76%
2022-07-28,96.258,96.258,96.258,96.258,0.41%
2022-07-29,97.265,97.265,97.265,97.265,1.05%
2022-08-01,97.048,97.048,97.048,97.048,-0.22%
2022-08-02,97.013,97.013,97.013,97.013,-0.04%
2022-08-03,97.443,97.443,97.443,97.443,0.44%
2022-08-04,96.336,96.336,96.336,96.336,-1.14%
2022-08-05,97.054,97.054,97.054,97.054,0.75%
2022-08-08,98.083,98.083,98.083,98.083,1.06%
2022-08-09,98.719,98.719,98.719,98.719,0.65%
2022-08-10,99.507,99.507,99.507,99.507,0.80%
2022-08-11,100.838,100.838,100.838,100.838,1.34%
2022-08-12,102.051,102.051,102.051,102.051,1.20%
2022-08-16,102.392,102.392,102.392,102.392,0.33%
2022-08-17,101.367,101.367,101.367,101.367,-1.00%
2022-08-18,101.999,101.999,101.999,101.999,0.62%
2022-08-19,100.852,100.852,100.852,100.852,-1.12%
2022-08-22,99.711,99.711,99.711,99.711,-1.13%
2022-08-23,100.987,100.987,100.987,100.987,1.28%
2022-08-24,101.398,101.398,101.398,101.398,0.41%
2022-08-25,101.4,101.4,101.4,101.4,0.00%
2022-08-26,100.186,100.186,100.186,100.186,-1.20%
2022-08-29,99.894,99.894,99.894,99.894,-0.29%
2022-08-30,98.576,98.576,98.576,98.576,-1.32%
2022-08-31,98.045,98.045,98.045,98.045,-0.54%
2022-09-01,96.489,96.489,96.489,96.489,-1.59%
2022-09-02,97.264,97.264,97.264,97.264,0.80%
2022-09-05,97.387,97.387,97.387,97.387,0.13%
2022-09-06,97.041,97.041,97.041,97.041,-0.36%
2022-09-07,96.28,96.28,96.28,96.28,-0.78%
2022-09-08,96.767,96.767,96.767,96.767,0.51%
2022-09-09,98.312,98.312,98.312,98.312,1.60%
2022-09-12,99.321,99.321,99.321,99.321,1.03%
2022-09-13,98.11,98.11,98.11,98.11,-1.22%
2022-09-14,98.057,98.057,98.057,98.057,-0.05%
2022-09-15,97.301,97.301,97.301,97.301,-0.77%
2022-09-16,95.672,95.672,95.672,95.672,-1.67%
2022-09-19,95.545,95.545,95.545,95.545,-0.13%
2022-09-20,93.984,93.984,93.984,93.984,-1.63%
2022-09-21,94.363,94.363,94.363,94.363,0.40%
2022-09-22,93.252,93.252,93.252,93.252,-1.18%
2022-09-23,89.156,89.156,89.156,89.156,-4.39%
2022-09-26,87.604,87.604,87.604,87.604,-1.74%
2022-09-27,88.314,88.314,88.314,88.314,0.81%
2022-09-28,89.314,89.314,89.314,89.314,1.13%
2022-09-29,87.296,87.296,87.296,87.296,-2.26%
2022-09-30,87.672,87.672,87.672,87.672,0.43%
2022-10-05,92.463,92.463,92.463,92.463,5.46%
2022-10-06,92.865,92.865,92.865,92.865,0.44%
2022-10-07,92.718,92.718,92.718,92.718,-0.16%
2022-10-10,91.721,91.721,91.721,91.721,-1.07%
2022-10-11,90.849,90.849,90.849,90.849,-0.95%
2022-10-13,92.106,92.106,92.106,92.106,1.38%
2022-10-14,91.288,91.288,91.288,91.288,-0.89%
2022-10-17,93.49,93.49,93.49,93.49,2.41%
2022-10-18,94.031,94.031,94.031,94.031,0.58%
2022-10-19,94.332,94.332,94.332,94.332,0.32%
2022-10-20,94.408,94.408,94.408,94.408,0.08%
2022-10-21,94.826,94.826,94.826,94.826,0.44%
2022-10-24,94.519,94.519,94.519,94.519,-0.32%
2022-10-25,95.778,95.778,95.778,95.778,1.33%
2022-10-26,97.08,97.08,97.08,97.08,1.36%
2022-10-27,97.507,97.507,97.507,97.507,0.44%
2022-10-28,97.718,97.718,97.718,97.718,0.22%
2022-10-31,98.407,98.407,98.407,98.407,0.70%
2022-11-02,98.947,98.947,98.947,98.947,0.55%
2022-11-03,98.284,98.284,98.284,98.284,-0.67%
2022-11-04,99.824,99.824,99.824,99.824,1.57%
2022-11-07,101.215,101.215,101.215,101.215,1.39%
2022-11-08,101.846,101.846,101.846,101.846,0.62%
2022-11-10,101.905,101.905,101.905,101.905,0.06%
2022-11-11,103.395,103.395,103.395,103.395,1.46%
2022-11-14,102.79,102.79,102.79,102.79,-0.58%
2022-11-15,103.173,103.173,103.173,103.173,0.37%
2022-11-16,101.018,101.018,101.018,101.018,-2.09%
2022-11-17,100.817,100.817,100.817,100.817,-0.20%
2022-11-18,100.276,100.276,100.276,100.276,-0.54%
2022-11-21,100.466,100.466,100.466,100.466,0.19%
2022-11-22,101.798,101.798,101.798,101.798,1.33%
2022-11-23,101.618,101.618,101.618,101.618,-0.18%
2022-11-24,102.365,102.365,102.365,102.365,0.73%
2022-11-25,102.432,102.432,102.432,102.432,0.07%
2022-11-28,100.7,100.7,100.7,100.7,-1.69%
2022-11-29,101.491,101.491,101.491,101.491,0.79%
2022-11-30,102.733,102.733,102.733,102.733,1.22%
2022-12-01,102.092,102.092,102.092,102.092,-0.62%
2022-12-02,101.8,101.8,101.8,101.8,-0.29%
2022-12-05,100.815,100.815,100.815,100.815,-0.97%
2022-12-07,98.899,98.899,98.899,98.899,-1.90%
2022-12-09,99.201,99.201,99.201,99.201,0.31%
2022-12-12,98.738,98.738,98.738,98.738,-0.47%
2022-12-13,99.624,99.624,99.624,99.624,0.90%
2022-12-14,99.144,99.144,99.144,99.144,-0.48%
2022-12-15,97.568,97.568,97.568,97.568,-1.59%
2022-12-16,96.063,96.063,96.063,96.063,-1.54%
2022-12-19,95.801,95.801,95.801,95.801,-0.27%
2022-12-20,96.167,96.167,96.167,96.167,0.38%
2022-12-21,97.37,97.37,97.37,97.37,1.25%
2022-12-22,96.762,96.762,96.762,96.762,-0.62%
2022-12-23,97.891,97.891,97.891,97.891,1.17%
2022-12-27,97.661,97.661,97.661,97.661,-0.23%
2022-12-28,96.756,96.756,96.756,96.756,-0.93%
2022-12-29,97.544,97.544,97.544,97.544,0.81%
2022-12-30,97.187,97.187,97.187,97.187,-0.37%
2023-01-02,98.034,98.034,98.034,98.034,0.87%
2023-01-03,98.443,98.443,98.443,98.443,0.42%
2023-01-04,98.865,98.865,98.865,98.865,0.43%
2023-01-05,99.371,99.371,99.371,99.371,0.51%
2023-01-09,101.171,101.171,101.171,101.171,1.81%
2023-01-10,101.373,101.373,101.373,101.373,0.20%
2023-01-11,101.911,101.911,101.911,101.911,0.53%
2023-01-12,102.776,102.776,102.776,102.776,0.85%
2023-01-13,103.768,103.768,103.768,103.768,0.97%
2023-01-16,104.206,104.206,104.206,104.206,0.42%
2023-01-17,104.565,104.565,104.565,104.565,0.34%
2023-01-18,104.885,104.885,104.885,104.885,0.31%
2023-01-19,104.428,104.428,104.428,104.428,-0.44%
2023-01-20,105.214,105.214,105.214,105.214,0.75%
2023-01-23,105.912,105.912,105.912,105.912,0.66%
2023-01-24,105.186,105.186,105.186,105.186,-0.69%
2023-01-25,104.764,104.764,104.764,104.764,-0.40%
2023-01-26,105.338,105.338,105.338,105.338,0.55%
2023-01-27,106.182,106.182,106.182,106.182,0.80%
2023-01-30,105.146,105.146,105.146,105.146,-0.98%
2023-01-31,105.445,105.445,105.445,105.445,0.28%
2023-02-01,106.395,106.395,106.395,106.395,0.90%
2023-02-02,106.442,106.442,106.442,106.442,0.04%
2023-02-03,106.404,106.404,106.404,106.404,-0.04%
2023-02-06,105.93,105.93,105.93,105.93,-0.44%
2023-02-07,106.605,106.605,106.605,106.605,0.64%
2023-02-08,107.034,107.034,107.034,107.034,0.40%
2023-02-10,107.412,107.412,107.412,107.412,0.35%
2023-02-13,107.521,107.521,107.521,107.521,0.10%
2023-02-14,107.477,107.477,107.477,107.477,-0.04%
2023-02-15,107.492,107.492,107.492,107.492,0.01%
2023-02-16,107.199,107.199,107.199,107.199,-0.27%
2023-02-17,106.498,106.498,106.498,106.498,-0.65%
2023-02-20,106.752,106.752,106.752,106.752,0.24%
2023-02-21,106.611,106.611,106.611,106.611,-0.13%
2023-02-22,105.709,105.709,105.709,105.709,-0.85%
2023-02-23,106.993,106.993,106.993,106.993,1.21%
2023-02-27,108.103,108.103,108.103,108.103,1.04%
2023-02-28,107.648,107.648,107.648,107.648,-0.42%
2023-03-01,106.954,106.954,106.954,106.954,-0.64%
2023-03-02,106.878,106.878,106.878,106.878,-0.07%
2023-03-03,108.339,108.339,108.339,108.339,1.37%
2023-03-06,107.835,107.835,107.835,107.835,-0.47%
2023-03-07,107.047,107.047,107.047,107.047,-0.73%
2023-03-08,107.396,107.396,107.396,107.396,0.33%
2023-03-09,106.057,106.057,106.057,106.057,-1.25%
2023-03-10,104.996,104.996,104.996,104.996,-1.00%
2023-03-13,102.48,102.48,102.48,102.48,-2.40%
2023-03-14,103.361,103.361,103.361,103.361,0.86%
2023-03-15,100.205,100.205,100.205,100.205,-3.05%
2023-03-16,99.627,99.627,99.627,99.627,-0.58%
2023-03-17,98.577,98.577,98.577,98.577,-1.05%
2023-03-21,100.318,100.318,100.318,100.318,1.77%
2023-03-22,100.038,100.038,100.038,100.038,-0.28%
2023-03-23,99.693,99.693,99.693,99.693,-0.34%
2023-03-24,98.588,98.588,98.588,98.588,-1.11%
2023-03-27,99.233,99.233,99.233,99.233,0.65%
2023-03-28,100.002,100.002,100.002,100.002,0.77%
2023-03-29,100.907,100.907,100.907,100.907,0.91%
2023-03-30,101.968,101.968,101.968,101.968,1.05%
2023-03-31,102.263,102.263,102.263,102.263,0.29%
2023-04-03,103.738,103.738,103.738,103.738,1.44%
2023-04-04,103.316,103.316,103.316,103.316,-0.41%
2023-04-05,102.399,102.399,102.399,102.399,-0.89%
2023-04-10,102.827,102.827,102.827,102.827,0.42%
2023-04-11,103.005,103.005,103.005,103.005,0.17%
2023-04-12,102.935,102.935,102.935,102.935,-0.07%
2023-04-13,103.602,103.602,103.602,103.602,0.65%
2023-04-14,103.611,103.611,103.611,103.611,0.01%
2023-04-17,103.651,103.651,103.651,103.651,0.04%
2023-04-18,103.772,103.772,103.772,103.772,0.12%
2023-04-19,103.026,103.026,103.026,103.026,-0.72%
2023-04-20,101.755,101.755,101.755,101.755,-1.23%
2023-04-21,101.832,101.832,101.832,101.832,0.07%
2023-04-24,101.702,101.702,101.702,101.702,-0.13%
2023-04-25,100.968,100.968,100.968,100.968,-0.72%
2023-04-26,100.488,100.488,100.488,100.488,-0.48%
2023-04-27,101.603,101.603,101.603,101.603,1.11%
2023-04-28,102.453,102.453,102.453,102.453,0.84%
2023-05-03,100.901,100.901,100.901,100.901,-1.51%
2023-05-04,100.282,100.282,100.282,100.282,-0.61%
2023-05-05,101.879,101.879,101.879,101.879,1.59%
2023-05-08,102.528,102.528,102.528,102.528,0.64%
2023-05-09,102.996,102.996,102.996,102.996,0.46%
2023-05-10,102.732,102.732,102.732,102.732,-0.26%
2023-05-11,102.058,102.058,102.058,102.058,-0.66%
2023-05-12,102.549,102.549,102.549,102.549,0.48%
2023-05-16,101.735,101.735,101.735,101.735,-0.79%
2023-05-17,102.177,102.177,102.177,102.177,0.43%
2023-05-18,102.506,102.506,102.506,102.506,0.32%
2023-05-19,102.667,102.667,102.667,102.667,0.16%
2023-05-22,102.648,102.648,102.648,102.648,-0.02%
2023-05-23,102.891,102.891,102.891,102.891,0.24%
2023-05-24,101.478,101.478,101.478,101.478,-1.37%
2023-05-25,100.236,100.236,100.236,100.236,-1.22%
2023-05-26,100.912,100.912,100.912,100.912,0.67%
2023-05-29,100.785,100.785,100.785,100.785,-0.13%
2023-05-30,100.001,100.001,100.001,100.001,-0.78%
2023-05-31,98.814,98.814,98.814,98.814,-1.19%
2023-06-01,99.325,99.325,99.325,99.325,0.52%
2023-06-02,101.566,101.566,101.566,101.566,2.26%
2023-06-05,101.661,101.661,101.661,101.661,0.09%
2023-06-06,102.005,102.005,102.005,102.005,0.34%
2023-06-07,102.77,102.77,102.77,102.77,0.75%
2023-06-08,103.025,103.025,103.025,103.025,0.25%
2023-06-09,103.312,103.312,103.312,103.312,0.28%
2023-06-12,102.256,102.256,102.256,102.256,-1.02%
2023-06-13,102.866,102.866,102.866,102.866,0.60%
2023-06-14,102.441,102.441,102.441,102.441,-0.41%
2023-06-15,102.362,102.362,102.362,102.362,-0.08%
2023-06-16,102.574,102.574,102.574,102.574,0.21%
2023-06-19,101.995,101.995,101.995,101.995,-0.56%
2023-06-20,101.034,101.034,101.034,101.034,-0.94%
2023-06-21,100.926,100.926,100.926,100.926,-0.11%
2023-06-22,99.881,99.881,99.881,99.881,-1.04%
2023-06-23,99.104,99.104,99.104,99.104,-0.78%
2023-06-26,99.127,99.127,99.127,99.127,0.02%
2023-06-27,98.611,98.611,98.611,98.611,-0.52%
2023-06-28,99.178,99.178,99.178,99.178,0.58%
2023-06-29,99.307,99.307,99.307,99.307,0.13%
2023-06-30,100.181,100.181,100.181,100.181,0.88%
2023-07-03,101.117,101.117,101.117,101.117,0.93%
2023-07-04,101.478,101.478,101.478,101.478,0.36%
2023-07-05,101.548,101.548,101.548,101.548,0.07%
2023-07-06,99.755,99.755,99.755,99.755,-1.77%
2023-07-07,100.842,100.842,100.842,100.842,1.09%
2023-07-10,101.216,101.216,101.216,101.216,0.37%
2023-07-11,102.472,102.472,102.472,102.472,1.24%
2023-07-12,103.665,103.665,103.665,103.665,1.16%
2023-07-13,104.398,104.398,104.398,104.398,0.71%
2023-07-14,103.367,103.367,103.367,103.367,-0.99%
2023-07-17,102.926,102.926,102.926,102.926,-0.43%
2023-07-18,103.752,103.752,103.752,103.752,0.80%
2023-07-19,104.443,104.443,104.443,104.443,0.67%
2023-07-20,105.381,105.381,105.381,105.381,0.90%
2023-07-21,105.823,105.823,105.823,105.823,0.42%
2023-07-24,106.71,106.71,106.71,106.71,0.84%
2023-07-25,107.109,107.109,107.109,107.109,0.37%
2023-07-26,107.164,107.164,107.164,107.164,0.05%
2023-07-27,107.711,107.711,107.711,107.711,0.51%
2023-07-28,106.997,106.997,106.997,106.997,-0.66%
2023-07-31,107.478,107.478,107.478,107.478,0.45%
2023-08-01,107.232,107.232,107.232,107.232,-0.23%
2023-08-02,106.508,106.508,106.508,106.508,-0.67%
2023-08-03,106.479,106.479,106.479,106.479,-0.03%
2023-08-04,106.99,106.99,106.99,106.99,0.48%
2023-08-07,106.968,106.968,106.968,106.968,-0.02%
2023-08-08,106.514,106.514,106.514,106.514,-0.42%
2023-08-09,107.521,107.521,107.521,107.521,0.95%
2023-08-10,107.17,107.17,107.17,107.17,-0.33%
2023-08-11,107.022,107.022,107.022,107.022,-0.14%
2023-08-14,106.787,106.787,106.787,106.787,-0.22%
2023-08-16,105.901,105.901,105.901,105.901,-0.83%
2023-08-17,105.717,105.717,105.717,105.717,-0.17%
2023-08-18,104.593,104.593,104.593,104.593,-1.06%
2023-08-21,104.496,104.496,104.496,104.496,-0.09%
2023-08-22,104.776,104.776,104.776,104.776,0.27%
2023-08-23,104.757,104.757,104.757,104.757,-0.02%
2023-08-24,104.508,104.508,104.508,104.508,-0.24%
2023-08-25,104.607,104.607,104.607,104.607,0.09%
2023-08-28,105.038,105.038,105.038,105.038,0.41%
2023-08-29,105.659,105.659,105.659,105.659,0.59%
2023-08-30,105.309,105.309,105.309,105.309,-0.33%
2023-08-31,105.599,105.599,105.599,105.599,0.27%
2023-09-01,106.314,106.314,106.314,106.314,0.68%
2023-09-04,106.348,106.348,106.348,106.348,0.03%
2023-09-05,105.975,105.975,105.975,105.975,-0.35%
2023-09-06,105.175,105.175,105.175,105.175,-0.76%
2023-09-07,105.172,105.172,105.172,105.172,-0.00%
2023-09-08,105.282,105.282,105.282,105.282,0.10%
2023-09-11,106.198,106.198,106.198,106.198,0.87%
2023-09-12,106.771,106.771,106.771,106.771,0.54%
2023-09-13,106.417,106.417,106.417,106.417,-0.33%
2023-09-14,107.824,107.824,107.824,107.824,1.32%
2023-09-15,107.827,107.827,107.827,107.827,0.00%
2023-09-18,107.24,107.24,107.24,107.24,-0.54%
2023-09-19,106.894,106.894,106.894,106.894,-0.32%
2023-09-20,106.933,106.933,106.933,106.933,0.04%
2023-09-21,106.232,106.232,106.232,106.232,-0.66%
2023-09-22,106.612,106.612,106.612,106.612,0.36%
2023-09-25,106.548,106.548,106.548,106.548,-0.06%
2023-09-26,105.648,105.648,105.648,105.648,-0.84%
2023-09-27,106.249,106.249,106.249,106.249,0.57%
2023-09-28,106.816,106.816,106.816,106.816,0.53%
2023-09-29,107.417,107.417,107.417,107.417,0.56%
2023-10-02,105.918,105.918,105.918,105.918,-1.40%
2023-10-03,104.253,104.253,104.253,104.253,-1.57%
2023-10-04,102.684,102.684,102.684,102.684,-1.50%
2023-10-05,102.829,102.829,102.829,102.829,0.14%
2023-10-06,103.553,103.553,103.553,103.553,0.70%
2023-10-09,104.134,104.134,104.134,104.134,0.56%
2023-10-10,105.826,105.826,105.826,105.826,1.62%
2023-10-11,105.341,105.341,105.341,105.341,-0.46%
2023-10-13,105.673,105.673,105.673,105.673,0.31%
2023-10-16,105.209,105.209,105.209,105.209,-0.44%
2023-10-17,105.317,105.317,105.317,105.317,0.10%
2023-10-18,104.912,104.912,104.912,104.912,-0.38%
2023-10-19,103.511,103.511,103.511,103.511,-1.34%
2023-10-20,102.835,102.835,102.835,102.835,-0.65%
2023-10-23,101.748,101.748,101.748,101.748,-1.06%
2023-10-24,102.054,102.054,102.054,102.054,0.30%
2023-10-25,101.106,101.106,101.106,101.106,-0.93%
2023-10-26,100.861,100.861,100.861,100.861,-0.24%
2023-10-27,100.71,100.71,100.71,100.71,-0.15%
2023-10-30,100.977,100.977,100.977,100.977,0.26%
2023-10-31,101.592,101.592,101.592,101.592,0.61%
2023-11-02,103.626,103.626,103.626,103.626,2.00%
2023-11-03,104.324,104.324,104.324,104.324,0.67%
2023-11-06,103.714,103.714,103.714,103.714,-0.58%
2023-11-07,102.261,102.261,102.261,102.261,-1.40%
2023-11-08,102.295,102.295,102.295,102.295,0.03%
2023-11-10,102.507,102.507,102.507,102.507,0.21%
2023-11-13,103.066,103.066,103.066,103.066,0.55%
2023-11-14,104.214,104.214,104.214,104.214,1.11%
2023-11-15,104.882,104.882,104.882,104.882,0.64%
2023-11-16,102.814,102.814,102.814,102.814,-1.97%
2023-11-17,103.904,103.904,103.904,103.904,1.06%
2023-11-20,104.3,104.3,104.3,104.3,0.38%
2023-11-21,103.619,103.619,103.619,103.619,-0.65%
2023-11-22,103.935,103.935,103.935,103.935,0.30%
2023-11-23,104.072,104.072,104.072,104.072,0.13%
2023-11-24,104.531,104.531,104.531,104.531,0.44%
2023-11-27,104.445,104.445,104.445,104.445,-0.08%
2023-11-28,104.309,104.309,104.309,104.309,-0.13%
2023-11-29,104.466,104.466,104.466,104.466,0.15%
2023-11-30,104.901,104.901,104.901,104.901,0.42%
2023-12-01,106.044,106.044,106.044,106.044,1.09%
2023-12-04,105.176,105.176,105.176,105.176,-0.82%
2023-12-05,104.924,104.924,104.924,104.924,-0.24%
2023-12-07,104.958,104.958,104.958,104.958,0.03%
2023-12-11,104.714,104.714,104.714,104.714,-0.23%
2023-12-12,103.872,103.872,103.872,103.872,-0.80%
2023-12-13,104.109,104.109,104.109,104.109,0.23%
2023-12-14,106.582,106.582,106.582,106.582,2.37%
2023-12-15,106.785,106.785,106.785,106.785,0.19%
2023-12-18,106.862,106.862,106.862,106.862,0.07%
2023-12-19,107.685,107.685,107.685,107.685,0.77%
2023-12-20,108.394,108.394,108.394,108.394,0.66%
2023-12-21,108.699,108.699,108.699,108.699,0.28%
2023-12-22,109.066,109.066,109.066,109.066,0.34%
2023-12-26,109.083,109.083,109.083,109.083,0.02%
2023-12-27,109.023,109.023,109.023,109.023,-0.06%
2023-12-28,109.193,109.193,109.193,109.193,0.16%
2023-12-29,109.199,109.199,109.199,109.199,0.01%
2024-01-02,109.746,109.746,109.746,109.746,0.50%
2024-01-03,109.422,109.422,109.422,109.422,-0.29%
2024-01-04,109.53,109.53,109.53,109.53,0.10%
2024-01-05,109.54,109.54,109.54,109.54,0.01%
2024-01-08,109.426,109.426,109.426,109.426,-0.10%
2024-01-09,109.26,109.26,109.26,109.26,-0.15%
2024-01-10,108.923,108.923,108.923,108.923,-0.31%
2024-01-11,108.397,108.397,108.397,108.397,-0.48%
2024-01-12,109.06,109.06,109.06,109.06,0.61%
2024-01-15,108.433,108.433,108.433,108.433,-0.58%
2024-01-16,107.697,107.697,107.697,107.697,-0.68%
2024-01-17,106.332,106.332,106.332,106.332,-1.27%
2024-01-18,107.011,107.011,107.011,107.011,0.64%
2024-01-19,106.641,106.641,106.641,106.641,-0.35%
2024-01-22,107.726,107.726,107.726,107.726,1.02%
2024-01-23,108.229,108.229,108.229,108.229,0.47%
2024-01-24,109.135,109.135,109.135,109.135,0.84%
2024-01-25,109.836,109.836,109.836,109.836,0.64%
2024-01-26,110.205,110.205,110.205,110.205,0.34%
2024-01-29,110.238,110.238,110.238,110.238,0.03%
2024-01-30,109.618,109.618,109.618,109.618,-0.56%
2024-01-31,109.219,109.219,109.219,109.219,-0.36%
2024-02-01,109.195,109.195,109.195,109.195,-0.02%
2024-02-02,108.397,108.397,108.397,108.397,-0.73%
2024-02-05,107.564,107.564,107.564,107.564,-0.77%
2024-02-06,109.066,109.066,109.066,109.066,1.40%
2024-02-07,108.251,108.251,108.251,108.251,-0.75%
2024-02-08,108.725,108.725,108.725,108.725,0.44%
2024-02-09,108.244,108.244,108.244,108.244,-0.44%
2024-02-12,109.508,109.508,109.508,109.508,1.17%
2024-02-13,108.775,108.775,108.775,108.775,-0.67%
2024-02-14,108.716,108.716,108.716,108.716,-0.05%
2024-02-15,109.376,109.376,109.376,109.376,0.61%
2024-02-16,110.293,110.293,110.293,110.293,0.84%
2024-02-19,112.01,112.01,112.01,112.01,1.56%
2024-02-20,111.076,111.076,111.076,111.076,-0.83%
2024-02-21,112.056,112.056,112.056,112.056,0.88%
2024-02-22,112.323,112.323,112.323,112.323,0.24%
2024-02-23,111.957,111.957,111.957,111.957,-0.33%
2024-02-26,111.769,111.769,111.769,111.769,-0.17%
2024-02-27,111.781,111.781,111.781,111.781,0.01%
2024-02-28,111.6,111.6,111.6,111.6,-0.16%
2024-02-29,111.895,111.895,111.895,111.895,0.26%
2024-03-01,112.855,112.855,112.855,112.855,0.86%
2024-03-04,112.234,112.234,112.234,112.234,-0.55%
2024-03-05,112.466,112.466,112.466,112.466,0.21%
2024-03-06,112.623,112.623,112.623,112.623,0.14%
2024-03-07,112.713,112.713,112.713,112.713,0.08%
2024-03-08,113.289,113.289,113.289,113.289,0.51%
2024-03-11,113.089,113.089,113.089,113.089,-0.18%
2024-03-12,114.18,114.18,114.18,114.18,0.96%
2024-03-13,114.575,114.575,114.575,114.575,0.35%
2024-03-14,114.789,114.789,114.789,114.789,0.19%
2024-03-15,114.625,114.625,114.625,114.625,-0.14%
2024-03-18,114.822,114.822,114.822,114.822,0.17%
2024-03-19,115.231,115.231,115.231,115.231,0.36%
2024-03-20,115.916,115.916,115.916,115.916,0.59%
2024-03-21,116.822,116.822,116.822,116.822,0.78%
2024-03-22,116.963,116.963,116.963,116.963,0.12%
2024-03-25,117.077,117.077,117.077,117.077,0.10%
2024-03-26,117.692,117.692,117.692,117.692,0.53%
2024-04-01,118.391,118.391,118.391,118.391,0.59%
2024-04-02,118.879,118.879,118.879,118.879,0.41%
2024-04-03,119.788,119.788,119.788,119.788,0.76%
2024-04-04,119.891,119.891,119.891,119.891,0.09%
2024-04-05,119.505,119.505,119.505,119.505,-0.32%
2024-04-08,119.962,119.962,119.962,119.962,0.38%
2024-04-09,120.346,120.346,120.346,120.346,0.32%
2024-04-10,120.778,120.778,120.778,120.778,0.36%
2024-04-11,121.267,121.267,121.267,121.267,0.40%
2024-04-12,121.061,121.061,121.061,121.061,-0.17%
2024-04-15,120.359,120.359,120.359,120.359,-0.58%
2024-04-16,118.825,118.825,118.825,118.825,-1.27%
2024-04-17,118.855,118.855,118.855,118.855,0.03%
2024-04-18,119.375,119.375,119.375,119.375,0.44%
2024-04-19,119.137,119.137,119.137,119.137,-0.20%
2024-04-22,119.994,119.994,119.994,119.994,0.72%
2024-04-23,121.042,121.042,121.042,121.042,0.87%
2024-04-24,120.928,120.928,120.928,120.928,-0.09%
2024-04-25,120.281,120.281,120.281,120.281,-0.54%
2024-04-26,121.74,121.74,121.74,121.74,1.21%
2024-04-29,122.843,122.843,122.843,122.843,0.91%
2024-04-30,121.644,121.644,121.644,121.644,-0.98%
2024-05-03,122.792,122.792,122.792,122.792,0.94%
2024-05-06,123.217,123.217,123.217,123.217,0.35%
2024-05-07,124.07,124.07,124.07,124.07,0.69%
2024-05-08,124.917,124.917,124.917,124.917,0.68%
2024-05-09,124.629,124.629,124.629,124.629,-0.23%
2024-05-10,125.593,125.593,125.593,125.593,0.77%
2024-05-13,125.417,125.417,125.417,125.417,-0.14%
2024-05-14,126.493,126.493,126.493,126.493,0.86%
2024-05-16,126.793,126.793,126.793,126.793,0.24%
2024-05-17,127.689,127.689,127.689,127.689,0.71%
2024-05-20,128.607,128.607,128.607,128.607,0.72%
2024-05-21,128.177,128.177,128.177,128.177,-0.33%
2024-05-22,126.79,126.79,126.79,126.79,-1.08%
2024-05-23,127.371,127.371,127.371,127.371,0.46%
2024-05-24,127.881,127.881,127.881,127.881,0.40%
2024-05-27,129.016,129.016,129.016,129.016,0.89%
2024-05-28,129.227,129.227,129.227,129.227,0.16%
2024-05-29,127.925,127.925,127.925,127.925,-1.01%
2024-05-30,129.413,129.413,129.413,129.413,1.16%
2024-05-31,130.181,130.181,130.181,130.181,0.59%
2024-06-03,130.446,130.446,130.446,130.446,0.20%
2024-06-04,128.477,128.477,128.477,128.477,-1.51%
2024-06-05,128.309,128.309,128.309,128.309,-0.13%
2024-06-06,128.383,128.383,128.383,128.383,0.06%
2024-06-07,128.27,128.27,128.27,128.27,-0.09%
2024-06-10,129.249,129.249,129.249,129.249,0.76%
2024-06-11,128.315,128.315,128.315,128.315,-0.72%
2024-06-12,128.57,128.57,128.57,128.57,0.20%
2024-06-13,126.851,126.851,126.851,126.851,-1.34%
2024-06-14,125.569,125.569,125.569,125.569,-1.01%
2024-06-17,126.373,126.373,126.373,126.373,0.64%
2024-06-18,127.152,127.152,127.152,127.152,0.62%
2024-06-19,127.287,127.287,127.287,127.287,0.11%
2024-06-20,128.384,128.384,128.384,128.384,0.86%
2024-06-21,127.421,127.421,127.421,127.421,-0.75%
2024-06-24,128.815,128.815,128.815,128.815,1.09%
2024-06-25,128.385,128.385,128.385,128.385,-0.33%
2024-06-26,128.194,128.194,128.194,128.194,-0.15%
2024-06-27,128.305,128.305,128.305,128.305,0.09%
2024-06-28,128.284,128.284,128.284,128.284,-0.02%
2024-07-01,128.73,128.73,128.73,128.73,0.35%
2024-07-02,128.536,128.536,128.536,128.536,-0.15%
2024-07-03,129.536,129.536,129.536,129.536,0.78%
2024-07-04,129.543,129.543,129.543,129.543,0.00%
2024-07-05,130.196,130.196,130.196,130.196,0.50%
2024-07-08,129.999,129.999,129.999,129.999,-0.15%
2024-07-09,129.679,129.679,129.679,129.679,-0.25%
2024-07-10,130.679,130.679,130.679,130.679,0.77%
2024-07-11,131.655,131.655,131.655,131.655,0.75%
2024-07-12,132.221,132.221,132.221,132.221,0.43%
2024-07-15,131.324,131.324,131.324,131.324,-0.68%
2024-07-16,131.515,131.515,131.515,131.515,0.15%
2024-07-17,130.948,130.948,130.948,130.948,-0.43%
2024-07-18,130.882,130.882,130.882,130.882,-0.05%
2024-07-19,129.937,129.937,129.937,129.937,-0.72%
2024-07-22,130.522,130.522,130.522,130.522,0.45%
2024-07-23,130.964,130.964,130.964,130.964,0.34%
2024-07-24,129.92,129.92,129.92,129.92,-0.80%
2024-07-26,130.031,130.031,130.031,130.031,0.09%
2024-07-29,129.397,129.397,129.397,129.397,-0.49%
2024-07-30,129.482,129.482,129.482,129.482,0.07%
2024-07-31,130.697,130.697,130.697,130.697,0.94%
2024-08-01,129.188,129.188,129.188,129.188,-1.15%
2024-08-02,124.535,124.535,124.535,124.535,-3.60%
2024-08-05,120.301,120.301,120.301,120.301,-3.40%
2024-08-06,120.901,120.901,120.901,120.901,0.50%
2024-08-07,122.65,122.65,122.65,122.65,1.45%
2024-08-08,122.838,122.838,122.838,122.838,0.15%
2024-08-09,123.842,123.842,123.842,123.842,0.82%
2024-08-12,124.472,124.472,124.472,124.472,0.51%
2024-08-13,124.385,124.385,124.385,124.385,-0.07%
2024-08-14,124.849,124.849,124.849,124.849,0.37%
2024-08-16,126.384,126.384,126.384,126.384,1.23%
2024-08-19,127.37,127.37,127.37,127.37,0.78%
2024-08-20,126.301,126.301,126.301,126.301,-0.84%
2024-08-21,127.219,127.219,127.219,127.219,0.73%
2024-08-22,126.672,126.672,126.672,126.672,-0.43%
2024-08-23,127.946,127.946,127.946,127.946,1.01%
2024-08-26,128.461,128.461,128.461,128.461,0.40%
2024-08-27,128.795,128.795,128.795,128.795,0.26%
2024-08-28,128.644,128.644,128.644,128.644,-0.12%
2024-08-29,129.208,129.208,129.208,129.208,0.44%
2024-08-30,129.193,129.193,129.193,129.193,-0.01%
2024-09-02,128.815,128.815,128.815,128.815,-0.29%
2024-09-03,126.24,126.24,126.24,126.24,-2.00%
2024-09-04,125.585,125.585,125.585,125.585,-0.52%
2024-09-05,125.49,125.49,125.49,125.49,-0.08%
2024-09-06,123.115,123.115,123.115,123.115,-1.89%
2024-09-09,122.86,122.86,122.86,122.86,-0.21%
2024-09-10,121.807,121.807,121.807,121.807,-0.86%
2024-09-11,121.997,121.997,121.997,121.997,0.16%
2024-09-12,122.998,122.998,122.998,122.998,0.82%
2024-09-13,124.626,124.626,124.626,124.626,1.32%
2024-09-16,125.276,125.276,125.276,125.276,0.52%
2024-09-17,126.164,126.164,126.164,126.164,0.71%
2024-09-18,125.857,125.857,125.857,125.857,-0.24%
2024-09-19,127.867,127.867,127.867,127.867,1.60%
2024-09-20,126.36,126.36,126.36,126.36,-1.18%
2024-09-23,127.281,127.281,127.281,127.281,0.73%
2024-09-24,128.299,128.299,128.299,128.299,0.80%
2024-09-25,127.017,127.017,127.017,127.017,-1.00%
2024-09-26,128.205,128.205,128.205,128.205,0.94%
2024-09-27,129.8,129.8,129.8,129.8,1.24%
2024-09-30,129.294,129.294,129.294,129.294,-0.39%
2024-10-01,129.686,129.686,129.686,129.686,0.30%
2024-10-02,130.198,130.198,130.198,130.198,0.39%
2024-10-03,129.53,129.53,129.53,129.53,-0.51%
2024-10-04,130.924,130.924,130.924,130.924,1.08%
2024-10-07,130.869,130.869,130.869,130.869,-0.04%
2024-10-08,129.177,129.177,129.177,129.177,-1.29%
2024-10-09,129.14,129.14,129.14,129.14,-0.03%
2024-10-10,129.611,129.611,129.611,129.611,0.36%
2024-10-11,129.622,129.622,129.622,129.622,0.01%
2024-10-14,129.877,129.877,129.877,129.877,0.20%
2024-10-15,129.175,129.175,129.175,129.175,-0.54%
2024-10-16,129.13,129.13,129.13,129.13,-0.03%
2024-10-17,129.695,129.695,129.695,129.695,0.44%
2024-10-18,129.649,129.649,129.649,129.649,-0.04%
2024-10-21,129.444,129.444,129.444,129.444,-0.16%
2024-10-22,129.651,129.651,129.651,129.651,0.16%
2024-10-23,128.705,128.705,128.705,128.705,-0.73%
2024-10-24,128.161,128.161,128.161,128.161,-0.42%
2024-10-25,128.51,128.51,128.51,128.51,0.27%
2024-10-28,128.353,128.353,128.353,128.353,-0.12%
2024-10-29,128.188,128.188,128.188,128.188,-0.13%
2024-10-30,127.284,127.284,127.284,127.284,-0.70%
2024-10-31,125.907,125.907,125.907,125.907,-1.08%
2024-11-04,125.338,125.338,125.338,125.338,-0.45%
2024-11-05,125.884,125.884,125.884,125.884,0.44%
2024-11-06,126.576,126.576,126.576,126.576,0.55%
2024-11-07,128.24,128.24,128.24,128.24,1.31%
2024-11-08,127.322,127.322,127.322,127.322,-0.72%
2024-11-11,127.996,127.996,127.996,127.996,0.53%
2024-11-12,125.671,125.671,125.671,125.671,-1.82%
2024-11-13,124.755,124.755,124.755,124.755,-0.73%
2024-11-14,125.874,125.874,125.874,125.874,0.90%
2024-11-15,125.57,125.57,125.57,125.57,-0.24%
2024-11-18,126.555,126.555,126.555,126.555,0.78%
2024-11-19,125.847,125.847,125.847,125.847,-0.56%
2024-11-20,126.482,126.482,126.482,126.482,0.50%
2024-11-21,126.657,126.657,126.657,126.657,0.14%
2024-11-22,128.196,128.196,128.196,128.196,1.21%
2024-11-25,128.927,128.927,128.927,128.927,0.57%
2024-11-26,127.445,127.445,127.445,127.445,-1.15%
2024-11-27,127.024,127.024,127.024,127.024,-0.33%
2024-11-28,127.147,127.147,127.147,127.147,0.10%
2024-11-29,127.724,127.724,127.724,127.724,0.45%
2024-12-02,127.806,127.806,127.806,127.806,0.06%
2024-12-03,129.084,129.084,129.084,129.084,1.00%
2024-12-04,129.651,129.651,129.651,129.651,0.44%
2024-12-05,129.926,129.926,129.926,129.926,0.21%
2024-12-09,130.065,130.065,130.065,130.065,0.11%
2024-12-10,130.472,130.472,130.472,130.472,0.31%
2024-12-11,131.402,131.402,131.402,131.402,0.71%
2024-12-12,132.368,132.368,132.368,132.368,0.74%
2024-12-13,131.146,131.146,131.146,131.146,-0.92%
2024-12-16,130.304,130.304,130.304,130.304,-0.64%
2024-12-17,130.059,130.059,130.059,130.059,-0.19%
2024-12-18,130.572,130.572,130.572,130.572,0.39%
2024-12-19,130.175,130.175,130.175,130.175,-0.30%
2024-12-20,129.821,129.821,129.821,129.821,-0.27%
2024-12-23,130.413,130.413,130.413,130.413,0.46%
2024-12-24,131.093,131.093,131.093,131.093,0.52%
2024-12-26,131.143,131.143,131.143,131.143,0.04%
2024-12-27,132.097,132.097,132.097,132.097,0.73%
2024-12-30,132.483,132.483,132.483,132.483,0.29%
2024-12-31,133.403,133.403,133.403,133.403,0.69%
2025-01-02,135.833,135.833,135.833,135.833,1.82%
2025-01-03,135.739,135.739,135.739,135.739,-0.07%
2025-01-07,136.039,136.039,136.039,136.039,0.22%
2025-01-08,135.25,135.25,135.25,135.25,-0.58%
2025-01-09,135.259,135.259,135.259,135.259,0.01%
2025-01-10,134.963,134.963,134.963,134.963,-0.22%
2025-01-13,134.212,134.212,134.212,134.212,-0.56%
2025-01-14,133.662,133.662,133.662,133.662,-0.41%
2025-01-15,135.477,135.477,135.477,135.477,1.36%
2025-01-16,135.345,135.345,135.345,135.345,-0.10%
2025-01-17,135.949,135.949,135.949,135.949,0.45%
2025-01-20,135.151,135.151,135.151,135.151,-0.59%
2025-01-21,135.19,135.19,135.19,135.19,0.03%
2025-01-22,134.86,134.86,134.86,134.86,-0.24%
2025-01-23,134.382,134.382,134.382,134.382,-0.35%
2025-01-24,133.827,133.827,133.827,133.827,-0.41%
2025-01-27,133.769,133.769,133.769,133.769,-0.04%
2025-01-28,134.337,134.337,134.337,134.337,0.42%
2025-01-29,133.96,133.96,133.96,133.96,-0.28%
2025-01-30,135.457,135.457,135.457,135.457,1.12%
2025-01-31,135.413,135.413,135.413,135.413,-0.03%
2025-02-03,134.682,134.682,134.682,134.682,-0.54%
2025-02-04,135.134,135.134,135.134,135.134,0.34%
2025-02-05,135.376,135.376,135.376,135.376,0.18%
2025-02-06,136.773,136.773,136.773,136.773,1.03%
2025-02-07,137.06,137.06,137.06,137.06,0.21%
2025-02-10,138.143,138.143,138.143,138.143,0.79%
2025-02-11,138.005,138.005,138.005,138.005,-0.10%
2025-02-12,137.83,137.83,137.83,137.83,-0.13%
2025-02-13,139.205,139.205,139.205,139.205,1.00%
2025-02-14,139.343,139.343,139.343,139.343,0.10%
2025-02-17,139.454,139.454,139.454,139.454,0.08%
2025-02-18,140.413,140.413,140.413,140.413,0.69%
2025-02-19,140.128,140.128,140.128,140.128,-0.20%
2025-02-20,139.838,139.838,139.838,139.838,-0.21%
2025-02-21,139.744,139.744,139.744,139.744,-0.07%
2025-02-24,139.179,139.179,139.179,139.179,-0.40%
2025-02-25,138.694,138.694,138.694,138.694,-0.35%
2025-02-26,139.356,139.356,139.356,139.356,0.48%
2025-02-27,139.637,139.637,139.637,139.637,0.20%
2025-02-28,137.933,137.933,137.933,137.933,-1.22%
2025-03-03,138.326,138.326,138.326,138.326,0.28%
2025-03-04,134.331,134.331,134.331,134.331,-2.89%
2025-03-05,136.936,136.936,136.936,136.936,1.94%
2025-03-06,138.217,138.217,138.217,138.217,0.94%
2025-03-07,137.83,137.83,137.83,137.83,-0.28%
2025-03-10,135.595,135.595,135.595,135.595,-1.62%
2025-03-11,135.046,135.046,135.046,135.046,-0.41%
2025-03-12,135.933,135.933,135.933,135.933,0.66%
2025-03-13,135.651,135.651,135.651,135.651,-0.21%
2025-03-14,137.318,137.318,137.318,137.318,1.23%
2025-03-17,138.705,138.705,138.705,138.705,1.01%
2025-03-18,140.132,140.132,140.132,138.705,1.03%
2025-03-19,141.152,141.152,141.152,140.132,0.73%
2025-03-20,140.494,140.494,141.152,140.494,-0.47%
2025-03-21,138.892,138.892,140.494,138.892,-1.14%
2025-03-24,139.492,139.492,139.492,138.892,0.43%
2025-03-25,140.618,140.618,140.618,139.492,0.81%
2025-03-26,142.014,142.014,142.014,140.618,0.99%
2025-03-27,141.434,141.434,142.014,141.434,-0.41%
2025-03-28,139.475,139.475,141.434,139.475,-1.39%
2025-03-31,136.779,136.779,136.779,136.779,-1.93%
2025-04-01,137.606,137.606,137.606,136.779,0.60%
2025-04-02,136.823,136.823,137.606,136.823,-0.57%
2025-04-03,131.225,131.225,136.823,131.225,-4.09%
2025-04-04,123.662,123.662,131.225,123.662,-5.76%
2025-04-07,120.468,120.468,123.662,120.468,-2.58%
2025-04-08,121.875,121.875,121.875,120.468,1.17%
2025-04-09,119.859,119.859,121.875,119.859,-1.65%
2025-04-10,121.39,121.39,121.39,119.859,1.28%
2025-04-11,121.832,121.832,121.832,121.832,0.36%
2025-04-14,124.529,124.529,124.529,121.832,2.21%
2025-04-15,126.398,126.398,126.398,124.529,1.50%
2025-04-16,126.361,126.361,126.361,126.361,-0.03%
2025-04-21,126.248,126.248,126.248,126.248,-0.09%
2025-04-22,127.681,127.681,127.681,126.248,1.14%
2025-04-23,130.065,130.065,130.065,127.681,1.87%
2025-04-24,131.085,131.085,131.085,131.085,0.78%
2025-04-25,132.482,132.482,132.482,132.482,1.07%
2025-04-28,132.918,132.918,132.918,132.918,0.33%
2025-04-29,133.548,133.548,133.548,132.918,0.47%
2025-04-30,133.62,133.62,133.62,133.62,0.05%
2025-05-05,135.859,135.859,135.859,133.62,1.68%
2025-05-06,137.038,137.038,137.038,135.859,0.87%
2025-05-07,136.718,136.718,136.718,136.718,-0.23%
2025-05-08,138.716,138.716,138.716,136.718,1.46%
2025-05-09,139.801,139.801,139.801,138.716,0.78%
2025-05-12,143.029,143.029,143.029,139.801,2.31%
2025-05-13,144.144,144.144,144.144,143.029,0.78%
2025-05-14,143.183,143.183,143.183,143.183,-0.67%
2025-05-16,143.528,143.528,143.528,143.528,0.24%
2025-05-19,142.516,142.516,143.528,142.516,-0.71%
2025-05-20,143.101,143.101,143.101,142.516,0.41%
2025-05-21,142.232,142.232,143.101,142.232,-0.61%
2025-05-22,142.044,142.044,142.044,142.044,-0.13%
2025-05-23,141.858,141.858,142.044,141.858,-0.13%
2025-05-26,143.03,143.03,143.03,141.858,0.83%
2025-05-27,144.257,144.257,144.257,144.257,0.86%
2025-05-28,145.03,145.03,145.03,144.257,0.54%
2025-05-29,145.577,145.577,145.577,145.577,0.38%
2025-05-30,144.732,144.732,145.577,144.732,-0.58%
2025-06-02,145.214,145.214,145.214,144.732,0.33%
2025-06-03,145.995,145.995,145.995,145.214,0.54%
2025-06-04,146.109,146.109,146.109,146.109,0.08%
2025-06-05,146.143,146.143,146.143,146.109,0.02%
2025-06-06,146.498,146.498,146.498,146.143,0.24%
2025-06-09,146.657,146.657,146.657,146.498,0.11%
2025-06-10,147.092,147.092,147.092,146.657,0.30%
2025-06-11,148.007,148.007,148.007,147.092,0.62%
2025-06-12,147.572,147.572,148.007,147.572,-0.29%
2025-06-13,147.036,147.036,147.572,147.036,-0.36%
2025-06-16,147.628,147.628,147.628,147.036,0.40%
2025-06-17,148.062,148.062,148.062,147.628,0.29%
2025-06-18,147.274,147.274,148.062,147.274,-0.53%
2025-06-19,145.915,145.915,147.274,145.915,-0.92%
2025-06-20,145.192,145.192,145.192,145.192,-0.50%
2025-06-23,143.986,143.986,145.192,143.986,-0.83%
2025-06-24,143.784,143.784,143.986,143.784,-0.14%
2025-06-25,143.262,143.262,143.784,143.262,-0.36%
2025-06-26,143.997,143.997,143.997,143.262,0.51%
